[0.000000] (-) TimerEvent: {}
[0.000204] (camera_event_data_interface) JobQueued: {'identifier': 'camera_event_data_interface', 'dependencies': OrderedDict()}
[0.000360] (controller_interface) JobQueued: {'identifier': 'controller_interface', 'dependencies': OrderedDict()}
[0.000440] (mujoco_egen) JobQueued: {'identifier': 'mujoco_egen', 'dependencies': OrderedDict([('camera_event_data_interface', '/home/palinauskas/Documents/fortiss_repo/mujoco-eleanor/ROS2/install/camera_event_data_interface'), ('controller_interface', '/home/palinauskas/Documents/fortiss_repo/mujoco-eleanor/ROS2/install/controller_interface')])}
[0.000620] (mujoco_sim) JobQueued: {'identifier': 'mujoco_sim', 'dependencies': OrderedDict([('camera_event_data_interface', '/home/palinauskas/Documents/fortiss_repo/mujoco-eleanor/ROS2/install/camera_event_data_interface'), ('controller_interface', '/home/palinauskas/Documents/fortiss_repo/mujoco-eleanor/ROS2/install/controller_interface')])}
[0.000648] (camera_event_data_interface) JobStarted: {'identifier': 'camera_event_data_interface'}
[0.012201] (controller_interface) JobStarted: {'identifier': 'controller_interface'}
[0.017125] (camera_event_data_interface) JobProgress: {'identifier': 'camera_event_data_interface', 'progress': 'cmake'}
[0.017356] (camera_event_data_interface) Command: {'cmd': ['/usr/bin/cmake', '/home/palinauskas/Documents/fortiss_repo/mujoco-eleanor/ROS2/src/camera_event_data_interface', '-DCMAKE_INSTALL_PREFIX=/home/palinauskas/Documents/fortiss_repo/mujoco-eleanor/ROS2/install/camera_event_data_interface'], 'cwd': '/home/palinauskas/Documents/fortiss_repo/mujoco-eleanor/ROS2/build/camera_event_data_interface', 'env': OrderedDict([('LESSOPEN', '| /usr/bin/lesspipe %s'), ('USER', 'palinauskas'), ('LC_TIME', 'de_DE.UTF-8'), ('SSH_AGENT_PID', '4489'), ('XDG_SESSION_TYPE', 'x11'), ('SHLVL', '1'), ('LD_LIBRARY_PATH', '/opt/ros/galactic/opt/yaml_cpp_vendor/lib:/opt/ros/galactic/opt/rviz_ogre_vendor/lib:/opt/ros/galactic/lib/x86_64-linux-gnu:/opt/ros/galactic/lib:/usr/local/cuda-11.3/lib64:'), ('HOME', '/home/palinauskas'), ('CONDA_SHLVL', '0'), ('OLDPWD', '/home/palinauskas/Documents/fortiss_repo/mujoco-eleanor'), ('DESKTOP_SESSION', 'ubuntu'), ('ROS_PYTHON_VERSION', '3'), ('GNOME_SHELL_SESSION_MODE', 'ubuntu'), ('HOMEBREW_PREFIX', '/home/linuxbrew/.linuxbrew'), ('GTK_MODULES', 'gail:atk-bridge'), ('LC_MONETARY', 'de_DE.UTF-8'), ('MANAGERPID', '4306'), ('DBUS_SESSION_BUS_ADDRESS', 'unix:path=/run/user/1001/bus'), ('COLORTERM', 'truecolor'), ('_CE_M', ''), ('TERMINATOR_DBUS_NAME', 'net.tenshu.Terminator23558193cd9818af7fe4d2c2f5bd9d00f'), ('GIO_LAUNCHED_DESKTOP_FILE_PID', '16299'), ('IM_CONFIG_PHASE', '1'), ('INFOPATH', '/home/linuxbrew/.linuxbrew/share/info:'), ('ROS_DISTRO', 'galactic'), ('LOGNAME', 'palinauskas'), ('JOURNAL_STREAM', '8:52444'), ('_', '/usr/bin/colcon'), ('ROS_VERSION', '2'), ('XDG_SESSION_CLASS', 'user'), ('USERNAME', 'palinauskas'), ('TERM', 'xterm-256color'), ('GNOME_DESKTOP_SESSION_ID', 'this-is-deprecated'), ('_CE_CONDA', ''), ('ROS_LOCALHOST_ONLY', '0'), ('WINDOWPATH', '2'), ('PATH', '/opt/ros/galactic/bin:/usr/local/cuda-11.3/bin:/home/palinauskas/anaconda3/condabin:/home/linuxbrew/.linuxbrew/bin:/home/linuxbrew/.linuxbrew/sbin:/home/palinauskas/.local/bin:/usr/local/sbin:/usr/local/bin:/usr/sbin:/usr/bin:/sbin:/bin:/usr/games:/usr/local/games:/snap/bin'), ('SESSION_MANAGER', 'local/for2745:@/tmp/.ICE-unix/4528,unix/for2745:/tmp/.ICE-unix/4528'), ('INVOCATION_ID', 'd0bf3657d2e84257a0d565114d9b71d5'), ('HOMEBREW_CELLAR', '/home/linuxbrew/.linuxbrew/Cellar'), ('XDG_MENU_PREFIX', 'gnome-'), ('LC_ADDRESS', 'de_DE.UTF-8'), ('XDG_RUNTIME_DIR', '/run/user/1001'), ('DISPLAY', ':1'), ('TERMINATOR_DBUS_PATH', '/net/tenshu/Terminator2'), ('LANG', 'en_US.UTF-8'), ('XDG_CURRENT_DESKTOP', 'ubuntu:GNOME'), ('LC_TELEPHONE', 'de_DE.UTF-8'), ('XMODIFIERS', '@im=ibus'), ('XDG_SESSION_DESKTOP', 'ubuntu'), ('XAUTHORITY', '/run/user/1001/gdm/Xauthority'), ('LS_COLORS', 'rs=0:di=01;34:ln=01;36:mh=00:pi=40;33:so=01;35:do=01;35:bd=40;33;01:cd=40;33;01:or=40;31;01:mi=00:su=37;41:sg=30;43:ca=30;41:tw=30;42:ow=34;42:st=37;44:ex=01;32:*.tar=01;31:*.tgz=01;31:*.arc=01;31:*.arj=01;31:*.taz=01;31:*.lha=01;31:*.lz4=01;31:*.lzh=01;31:*.lzma=01;31:*.tlz=01;31:*.txz=01;31:*.tzo=01;31:*.t7z=01;31:*.zip=01;31:*.z=01;31:*.dz=01;31:*.gz=01;31:*.lrz=01;31:*.lz=01;31:*.lzo=01;31:*.xz=01;31:*.zst=01;31:*.tzst=01;31:*.bz2=01;31:*.bz=01;31:*.tbz=01;31:*.tbz2=01;31:*.tz=01;31:*.deb=01;31:*.rpm=01;31:*.jar=01;31:*.war=01;31:*.ear=01;31:*.sar=01;31:*.rar=01;31:*.alz=01;31:*.ace=01;31:*.zoo=01;31:*.cpio=01;31:*.7z=01;31:*.rz=01;31:*.cab=01;31:*.wim=01;31:*.swm=01;31:*.dwm=01;31:*.esd=01;31:*.jpg=01;35:*.jpeg=01;35:*.mjpg=01;35:*.mjpeg=01;35:*.gif=01;35:*.bmp=01;35:*.pbm=01;35:*.pgm=01;35:*.ppm=01;35:*.tga=01;35:*.xbm=01;35:*.xpm=01;35:*.tif=01;35:*.tiff=01;35:*.png=01;35:*.svg=01;35:*.svgz=01;35:*.mng=01;35:*.pcx=01;35:*.mov=01;35:*.mpg=01;35:*.mpeg=01;35:*.m2v=01;35:*.mkv=01;35:*.webm=01;35:*.ogm=01;35:*.mp4=01;35:*.m4v=01;35:*.mp4v=01;35:*.vob=01;35:*.qt=01;35:*.nuv=01;35:*.wmv=01;35:*.asf=01;35:*.rm=01;35:*.rmvb=01;35:*.flc=01;35:*.avi=01;35:*.fli=01;35:*.flv=01;35:*.gl=01;35:*.dl=01;35:*.xcf=01;35:*.xwd=01;35:*.yuv=01;35:*.cgm=01;35:*.emf=01;35:*.ogv=01;35:*.ogx=01;35:*.aac=00;36:*.au=00;36:*.flac=00;36:*.m4a=00;36:*.mid=00;36:*.midi=00;36:*.mka=00;36:*.mp3=00;36:*.mpc=00;36:*.ogg=00;36:*.ra=00;36:*.wav=00;36:*.oga=00;36:*.opus=00;36:*.spx=00;36:*.xspf=00;36:'), ('SSH_AUTH_SOCK', '/run/user/1001/keyring/ssh'), ('AMENT_PREFIX_PATH', '/opt/ros/galactic'), ('CONDA_PYTHON_EXE', '/home/palinauskas/anaconda3/bin/python'), ('SHELL', '/bin/bash'), ('LC_NAME', 'de_DE.UTF-8'), ('TERMINATOR_UUID', 'urn:uuid:7cd6a82d-e45f-4391-a19a-e3888a80767b'), ('QT_ACCESSIBILITY', '1'), ('GDMSESSION', 'ubuntu'), ('LESSCLOSE', '/usr/bin/lesspipe %s %s'), ('LC_MEASUREMENT', 'de_DE.UTF-8'), ('GPG_AGENT_INFO', '/run/user/1001/gnupg/S.gpg-agent:0:1'), ('LC_IDENTIFICATION', 'de_DE.UTF-8'), ('QT_IM_MODULE', 'ibus'), ('PWD', '/home/palinauskas/Documents/fortiss_repo/mujoco-eleanor/ROS2/build/camera_event_data_interface'), ('LC_ALL', 'en_US.UTF-8'), ('XDG_CONFIG_DIRS', '/etc/xdg/xdg-ubuntu:/etc/xdg'), ('CONDA_EXE', '/home/palinauskas/anaconda3/bin/conda'), ('XDG_DATA_DIRS', '/usr/share/ubuntu:/usr/local/share/:/usr/share/:/var/lib/snapd/desktop'), ('PYTHONPATH', '/opt/ros/galactic/lib/python3.8/site-packages'), ('HOMEBREW_REPOSITORY', '/home/linuxbrew/.linuxbrew/Homebrew'), ('LC_NUMERIC', 'de_DE.UTF-8'), ('LC_PAPER', 'de_DE.UTF-8'), ('COLCON', '1'), ('MANPATH', '/home/linuxbrew/.linuxbrew/share/man:'), ('VTE_VERSION', '6003'), ('CMAKE_PREFIX_PATH', '/opt/ros/galactic')]), 'shell': False}
[0.022703] (controller_interface) JobProgress: {'identifier': 'controller_interface', 'progress': 'cmake'}
[0.022895] (controller_interface) Command: {'cmd': ['/usr/bin/cmake', '/home/palinauskas/Documents/fortiss_repo/mujoco-eleanor/ROS2/src/controller_interface', '-DCMAKE_INSTALL_PREFIX=/home/palinauskas/Documents/fortiss_repo/mujoco-eleanor/ROS2/install/controller_interface'], 'cwd': '/home/palinauskas/Documents/fortiss_repo/mujoco-eleanor/ROS2/build/controller_interface', 'env': OrderedDict([('LESSOPEN', '| /usr/bin/lesspipe %s'), ('USER', 'palinauskas'), ('LC_TIME', 'de_DE.UTF-8'), ('SSH_AGENT_PID', '4489'), ('XDG_SESSION_TYPE', 'x11'), ('SHLVL', '1'), ('LD_LIBRARY_PATH', '/opt/ros/galactic/opt/yaml_cpp_vendor/lib:/opt/ros/galactic/opt/rviz_ogre_vendor/lib:/opt/ros/galactic/lib/x86_64-linux-gnu:/opt/ros/galactic/lib:/usr/local/cuda-11.3/lib64:'), ('HOME', '/home/palinauskas'), ('CONDA_SHLVL', '0'), ('OLDPWD', '/home/palinauskas/Documents/fortiss_repo/mujoco-eleanor'), ('DESKTOP_SESSION', 'ubuntu'), ('ROS_PYTHON_VERSION', '3'), ('GNOME_SHELL_SESSION_MODE', 'ubuntu'), ('HOMEBREW_PREFIX', '/home/linuxbrew/.linuxbrew'), ('GTK_MODULES', 'gail:atk-bridge'), ('LC_MONETARY', 'de_DE.UTF-8'), ('MANAGERPID', '4306'), ('DBUS_SESSION_BUS_ADDRESS', 'unix:path=/run/user/1001/bus'), ('COLORTERM', 'truecolor'), ('_CE_M', ''), ('TERMINATOR_DBUS_NAME', 'net.tenshu.Terminator23558193cd9818af7fe4d2c2f5bd9d00f'), ('GIO_LAUNCHED_DESKTOP_FILE_PID', '16299'), ('IM_CONFIG_PHASE', '1'), ('INFOPATH', '/home/linuxbrew/.linuxbrew/share/info:'), ('ROS_DISTRO', 'galactic'), ('LOGNAME', 'palinauskas'), ('JOURNAL_STREAM', '8:52444'), ('_', '/usr/bin/colcon'), ('ROS_VERSION', '2'), ('XDG_SESSION_CLASS', 'user'), ('USERNAME', 'palinauskas'), ('TERM', 'xterm-256color'), ('GNOME_DESKTOP_SESSION_ID', 'this-is-deprecated'), ('_CE_CONDA', ''), ('ROS_LOCALHOST_ONLY', '0'), ('WINDOWPATH', '2'), ('PATH', '/opt/ros/galactic/bin:/usr/local/cuda-11.3/bin:/home/palinauskas/anaconda3/condabin:/home/linuxbrew/.linuxbrew/bin:/home/linuxbrew/.linuxbrew/sbin:/home/palinauskas/.local/bin:/usr/local/sbin:/usr/local/bin:/usr/sbin:/usr/bin:/sbin:/bin:/usr/games:/usr/local/games:/snap/bin'), ('SESSION_MANAGER', 'local/for2745:@/tmp/.ICE-unix/4528,unix/for2745:/tmp/.ICE-unix/4528'), ('INVOCATION_ID', 'd0bf3657d2e84257a0d565114d9b71d5'), ('HOMEBREW_CELLAR', '/home/linuxbrew/.linuxbrew/Cellar'), ('XDG_MENU_PREFIX', 'gnome-'), ('LC_ADDRESS', 'de_DE.UTF-8'), ('XDG_RUNTIME_DIR', '/run/user/1001'), ('DISPLAY', ':1'), ('TERMINATOR_DBUS_PATH', '/net/tenshu/Terminator2'), ('LANG', 'en_US.UTF-8'), ('XDG_CURRENT_DESKTOP', 'ubuntu:GNOME'), ('LC_TELEPHONE', 'de_DE.UTF-8'), ('XMODIFIERS', '@im=ibus'), ('XDG_SESSION_DESKTOP', 'ubuntu'), ('XAUTHORITY', '/run/user/1001/gdm/Xauthority'), ('LS_COLORS', 'rs=0:di=01;34:ln=01;36:mh=00:pi=40;33:so=01;35:do=01;35:bd=40;33;01:cd=40;33;01:or=40;31;01:mi=00:su=37;41:sg=30;43:ca=30;41:tw=30;42:ow=34;42:st=37;44:ex=01;32:*.tar=01;31:*.tgz=01;31:*.arc=01;31:*.arj=01;31:*.taz=01;31:*.lha=01;31:*.lz4=01;31:*.lzh=01;31:*.lzma=01;31:*.tlz=01;31:*.txz=01;31:*.tzo=01;31:*.t7z=01;31:*.zip=01;31:*.z=01;31:*.dz=01;31:*.gz=01;31:*.lrz=01;31:*.lz=01;31:*.lzo=01;31:*.xz=01;31:*.zst=01;31:*.tzst=01;31:*.bz2=01;31:*.bz=01;31:*.tbz=01;31:*.tbz2=01;31:*.tz=01;31:*.deb=01;31:*.rpm=01;31:*.jar=01;31:*.war=01;31:*.ear=01;31:*.sar=01;31:*.rar=01;31:*.alz=01;31:*.ace=01;31:*.zoo=01;31:*.cpio=01;31:*.7z=01;31:*.rz=01;31:*.cab=01;31:*.wim=01;31:*.swm=01;31:*.dwm=01;31:*.esd=01;31:*.jpg=01;35:*.jpeg=01;35:*.mjpg=01;35:*.mjpeg=01;35:*.gif=01;35:*.bmp=01;35:*.pbm=01;35:*.pgm=01;35:*.ppm=01;35:*.tga=01;35:*.xbm=01;35:*.xpm=01;35:*.tif=01;35:*.tiff=01;35:*.png=01;35:*.svg=01;35:*.svgz=01;35:*.mng=01;35:*.pcx=01;35:*.mov=01;35:*.mpg=01;35:*.mpeg=01;35:*.m2v=01;35:*.mkv=01;35:*.webm=01;35:*.ogm=01;35:*.mp4=01;35:*.m4v=01;35:*.mp4v=01;35:*.vob=01;35:*.qt=01;35:*.nuv=01;35:*.wmv=01;35:*.asf=01;35:*.rm=01;35:*.rmvb=01;35:*.flc=01;35:*.avi=01;35:*.fli=01;35:*.flv=01;35:*.gl=01;35:*.dl=01;35:*.xcf=01;35:*.xwd=01;35:*.yuv=01;35:*.cgm=01;35:*.emf=01;35:*.ogv=01;35:*.ogx=01;35:*.aac=00;36:*.au=00;36:*.flac=00;36:*.m4a=00;36:*.mid=00;36:*.midi=00;36:*.mka=00;36:*.mp3=00;36:*.mpc=00;36:*.ogg=00;36:*.ra=00;36:*.wav=00;36:*.oga=00;36:*.opus=00;36:*.spx=00;36:*.xspf=00;36:'), ('SSH_AUTH_SOCK', '/run/user/1001/keyring/ssh'), ('AMENT_PREFIX_PATH', '/opt/ros/galactic'), ('CONDA_PYTHON_EXE', '/home/palinauskas/anaconda3/bin/python'), ('SHELL', '/bin/bash'), ('LC_NAME', 'de_DE.UTF-8'), ('TERMINATOR_UUID', 'urn:uuid:7cd6a82d-e45f-4391-a19a-e3888a80767b'), ('QT_ACCESSIBILITY', '1'), ('GDMSESSION', 'ubuntu'), ('LESSCLOSE', '/usr/bin/lesspipe %s %s'), ('LC_MEASUREMENT', 'de_DE.UTF-8'), ('GPG_AGENT_INFO', '/run/user/1001/gnupg/S.gpg-agent:0:1'), ('LC_IDENTIFICATION', 'de_DE.UTF-8'), ('QT_IM_MODULE', 'ibus'), ('PWD', '/home/palinauskas/Documents/fortiss_repo/mujoco-eleanor/ROS2/build/controller_interface'), ('LC_ALL', 'en_US.UTF-8'), ('XDG_CONFIG_DIRS', '/etc/xdg/xdg-ubuntu:/etc/xdg'), ('CONDA_EXE', '/home/palinauskas/anaconda3/bin/conda'), ('XDG_DATA_DIRS', '/usr/share/ubuntu:/usr/local/share/:/usr/share/:/var/lib/snapd/desktop'), ('PYTHONPATH', '/opt/ros/galactic/lib/python3.8/site-packages'), ('HOMEBREW_REPOSITORY', '/home/linuxbrew/.linuxbrew/Homebrew'), ('LC_NUMERIC', 'de_DE.UTF-8'), ('LC_PAPER', 'de_DE.UTF-8'), ('COLCON', '1'), ('MANPATH', '/home/linuxbrew/.linuxbrew/share/man:'), ('VTE_VERSION', '6003'), ('CMAKE_PREFIX_PATH', '/opt/ros/galactic')]), 'shell': False}
[0.099815] (-) TimerEvent: {}
[0.129686] (controller_interface) StdoutLine: {'line': b'-- The C compiler identification is GNU 9.4.0\n'}
[0.129908] (camera_event_data_interface) StdoutLine: {'line': b'-- The C compiler identification is GNU 9.4.0\n'}
[0.200008] (-) TimerEvent: {}
[0.206774] (camera_event_data_interface) StdoutLine: {'line': b'-- The CXX compiler identification is GNU 9.4.0\n'}
[0.206943] (controller_interface) StdoutLine: {'line': b'-- The CXX compiler identification is GNU 9.4.0\n'}
[0.212631] (camera_event_data_interface) StdoutLine: {'line': b'-- Check for working C compiler: /usr/bin/cc\n'}
[0.212811] (controller_interface) StdoutLine: {'line': b'-- Check for working C compiler: /usr/bin/cc\n'}
[0.275825] (camera_event_data_interface) StdoutLine: {'line': b'-- Check for working C compiler: /usr/bin/cc -- works\n'}
[0.276129] (controller_interface) StdoutLine: {'line': b'-- Check for working C compiler: /usr/bin/cc -- works\n'}
[0.276911] (controller_interface) StdoutLine: {'line': b'-- Detecting C compiler ABI info\n'}
[0.277086] (camera_event_data_interface) StdoutLine: {'line': b'-- Detecting C compiler ABI info\n'}
[0.300110] (-) TimerEvent: {}
[0.339079] (controller_interface) StdoutLine: {'line': b'-- Detecting C compiler ABI info - done\n'}
[0.339315] (camera_event_data_interface) StdoutLine: {'line': b'-- Detecting C compiler ABI info - done\n'}
[0.346560] (controller_interface) StdoutLine: {'line': b'-- Detecting C compile features\n'}
[0.346809] (camera_event_data_interface) StdoutLine: {'line': b'-- Detecting C compile features\n'}
[0.347268] (camera_event_data_interface) StdoutLine: {'line': b'-- Detecting C compile features - done\n'}
[0.347370] (controller_interface) StdoutLine: {'line': b'-- Detecting C compile features - done\n'}
[0.349394] (controller_interface) StdoutLine: {'line': b'-- Check for working CXX compiler: /usr/bin/c++\n'}
[0.349524] (camera_event_data_interface) StdoutLine: {'line': b'-- Check for working CXX compiler: /usr/bin/c++\n'}
[0.400200] (-) TimerEvent: {}
[0.417070] (camera_event_data_interface) StdoutLine: {'line': b'-- Check for working CXX compiler: /usr/bin/c++ -- works\n'}
[0.417221] (controller_interface) StdoutLine: {'line': b'-- Check for working CXX compiler: /usr/bin/c++ -- works\n'}
[0.417817] (controller_interface) StdoutLine: {'line': b'-- Detecting CXX compiler ABI info\n'}
[0.417972] (camera_event_data_interface) StdoutLine: {'line': b'-- Detecting CXX compiler ABI info\n'}
[0.487828] (controller_interface) StdoutLine: {'line': b'-- Detecting CXX compiler ABI info - done\n'}
[0.488348] (camera_event_data_interface) StdoutLine: {'line': b'-- Detecting CXX compiler ABI info - done\n'}
[0.496624] (controller_interface) StdoutLine: {'line': b'-- Detecting CXX compile features\n'}
[0.496898] (camera_event_data_interface) StdoutLine: {'line': b'-- Detecting CXX compile features\n'}
[0.497034] (controller_interface) StdoutLine: {'line': b'-- Detecting CXX compile features - done\n'}
[0.497141] (camera_event_data_interface) StdoutLine: {'line': b'-- Detecting CXX compile features - done\n'}
[0.500275] (-) TimerEvent: {}
[0.501877] (camera_event_data_interface) StdoutLine: {'line': b'-- Found ament_cmake: 1.1.6 (/opt/ros/galactic/share/ament_cmake/cmake)\n'}
[0.502020] (controller_interface) StdoutLine: {'line': b'-- Found ament_cmake: 1.1.6 (/opt/ros/galactic/share/ament_cmake/cmake)\n'}
[0.526360] (controller_interface) StdoutLine: {'line': b'-- Found PythonInterp: /usr/bin/python3 (found suitable version "3.8.10", minimum required is "3") \n'}
[0.526778] (camera_event_data_interface) StdoutLine: {'line': b'-- Found PythonInterp: /usr/bin/python3 (found suitable version "3.8.10", minimum required is "3") \n'}
[0.526865] (controller_interface) StdoutLine: {'line': b'-- Using PYTHON_EXECUTABLE: /usr/bin/python3\n'}
[0.526914] (camera_event_data_interface) StdoutLine: {'line': b'-- Using PYTHON_EXECUTABLE: /usr/bin/python3\n'}
[0.600407] (-) TimerEvent: {}
[0.615838] (camera_event_data_interface) StdoutLine: {'line': b'-- Found rosidl_default_generators: 1.1.1 (/opt/ros/galactic/share/rosidl_default_generators/cmake)\n'}
[0.616112] (controller_interface) StdoutLine: {'line': b'-- Found rosidl_default_generators: 1.1.1 (/opt/ros/galactic/share/rosidl_default_generators/cmake)\n'}
[0.619326] (controller_interface) StdoutLine: {'line': b'-- Using all available rosidl_typesupport_c: rosidl_typesupport_fastrtps_c;rosidl_typesupport_introspection_c\n'}
[0.619486] (camera_event_data_interface) StdoutLine: {'line': b'-- Using all available rosidl_typesupport_c: rosidl_typesupport_fastrtps_c;rosidl_typesupport_introspection_c\n'}
[0.625491] (controller_interface) StdoutLine: {'line': b'-- Found rosidl_adapter: 2.2.3 (/opt/ros/galactic/share/rosidl_adapter/cmake)\n'}
[0.625636] (camera_event_data_interface) StdoutLine: {'line': b'-- Found rosidl_adapter: 2.2.3 (/opt/ros/galactic/share/rosidl_adapter/cmake)\n'}
[0.700511] (-) TimerEvent: {}
[0.717550] (controller_interface) StdoutLine: {'line': b'-- Found OpenSSL: /usr/lib/x86_64-linux-gnu/libcrypto.so (found version "1.1.1f")  \n'}
[0.719618] (camera_event_data_interface) StdoutLine: {'line': b'-- Found OpenSSL: /usr/lib/x86_64-linux-gnu/libcrypto.so (found version "1.1.1f")  \n'}
[0.740895] (controller_interface) StdoutLine: {'line': b'-- Found FastRTPS: /opt/ros/galactic/include  \n'}
[0.751952] (camera_event_data_interface) StdoutLine: {'line': b'-- Found FastRTPS: /opt/ros/galactic/include  \n'}
[0.800672] (-) TimerEvent: {}
[0.808399] (controller_interface) StdoutLine: {'line': b'-- Using all available rosidl_typesupport_cpp: rosidl_typesupport_fastrtps_cpp;rosidl_typesupport_introspection_cpp\n'}
[0.826607] (camera_event_data_interface) StdoutLine: {'line': b'-- Using all available rosidl_typesupport_cpp: rosidl_typesupport_fastrtps_cpp;rosidl_typesupport_introspection_cpp\n'}
[0.850397] (controller_interface) StdoutLine: {'line': b'-- Found PythonInterp: /usr/bin/python3 (found version "3.8.10") \n'}
[0.865021] (camera_event_data_interface) StdoutLine: {'line': b'-- Found PythonInterp: /usr/bin/python3 (found version "3.8.10") \n'}
[0.900848] (-) TimerEvent: {}
[0.962892] (camera_event_data_interface) StdoutLine: {'line': b'-- Found ament_cmake_ros: 0.9.2 (/opt/ros/galactic/share/ament_cmake_ros/cmake)\n'}
[1.000956] (-) TimerEvent: {}
[1.031874] (controller_interface) StdoutLine: {'line': b'-- Found ament_cmake_ros: 0.9.2 (/opt/ros/galactic/share/ament_cmake_ros/cmake)\n'}
[1.047106] (camera_event_data_interface) StdoutLine: {'line': b'-- Using all available rosidl_typesupport_c: rosidl_typesupport_fastrtps_c;rosidl_typesupport_introspection_c\n'}
[1.053804] (camera_event_data_interface) StdoutLine: {'line': b'-- Using all available rosidl_typesupport_cpp: rosidl_typesupport_fastrtps_cpp;rosidl_typesupport_introspection_cpp\n'}
[1.072641] (camera_event_data_interface) StdoutLine: {'line': b'-- Found PythonInterp: /usr/bin/python3 (found suitable version "3.8.10", minimum required is "3.5") \n'}
[1.074242] (camera_event_data_interface) StdoutLine: {'line': b'-- Found python_cmake_module: 0.8.1 (/opt/ros/galactic/share/python_cmake_module/cmake)\n'}
[1.099641] (camera_event_data_interface) StdoutLine: {'line': b'-- Found PythonLibs: /usr/lib/x86_64-linux-gnu/libpython3.8.so (found suitable version "3.8.10", minimum required is "3.5") \n'}
[1.099796] (camera_event_data_interface) StdoutLine: {'line': b'-- Using PYTHON_EXECUTABLE: /usr/bin/python3\n'}
[1.099845] (camera_event_data_interface) StdoutLine: {'line': b'-- Using PYTHON_INCLUDE_DIRS: /usr/include/python3.8\n'}
[1.099885] (camera_event_data_interface) StdoutLine: {'line': b'-- Using PYTHON_LIBRARIES: /usr/lib/x86_64-linux-gnu/libpython3.8.so\n'}
[1.101019] (-) TimerEvent: {}
[1.117899] (camera_event_data_interface) StdoutLine: {'line': b'-- Found PythonExtra: .so  \n'}
[1.131431] (controller_interface) StdoutLine: {'line': b'-- Using all available rosidl_typesupport_c: rosidl_typesupport_fastrtps_c;rosidl_typesupport_introspection_c\n'}
[1.151030] (controller_interface) StdoutLine: {'line': b'-- Using all available rosidl_typesupport_cpp: rosidl_typesupport_fastrtps_cpp;rosidl_typesupport_introspection_cpp\n'}
[1.153892] (camera_event_data_interface) StdoutLine: {'line': b'-- Found ament_lint_auto: 0.10.7 (/opt/ros/galactic/share/ament_lint_auto/cmake)\n'}
[1.171236] (controller_interface) StdoutLine: {'line': b'-- Found PythonInterp: /usr/bin/python3 (found suitable version "3.8.10", minimum required is "3.5") \n'}
[1.172446] (controller_interface) StdoutLine: {'line': b'-- Found python_cmake_module: 0.8.1 (/opt/ros/galactic/share/python_cmake_module/cmake)\n'}
[1.176041] (camera_event_data_interface) StdoutLine: {'line': b"-- Added test 'copyright' to check source files copyright and LICENSE\n"}
[1.177670] (camera_event_data_interface) StdoutLine: {'line': b"-- Added test 'lint_cmake' to check CMake code style\n"}
[1.178602] (camera_event_data_interface) StdoutLine: {'line': b"-- Added test 'xmllint' to check XML markup files\n"}
[1.182597] (camera_event_data_interface) StdoutLine: {'line': b'-- Configuring done\n'}
[1.194961] (controller_interface) StdoutLine: {'line': b'-- Found PythonLibs: /usr/lib/x86_64-linux-gnu/libpython3.8.so (found suitable version "3.8.10", minimum required is "3.5") \n'}
[1.195179] (controller_interface) StdoutLine: {'line': b'-- Using PYTHON_EXECUTABLE: /usr/bin/python3\n'}
[1.195262] (controller_interface) StdoutLine: {'line': b'-- Using PYTHON_INCLUDE_DIRS: /usr/include/python3.8\n'}
[1.195332] (controller_interface) StdoutLine: {'line': b'-- Using PYTHON_LIBRARIES: /usr/lib/x86_64-linux-gnu/libpython3.8.so\n'}
[1.201103] (-) TimerEvent: {}
[1.206860] (camera_event_data_interface) StdoutLine: {'line': b'-- Generating done\n'}
[1.209168] (camera_event_data_interface) StdoutLine: {'line': b'-- Build files have been written to: /home/palinauskas/Documents/fortiss_repo/mujoco-eleanor/ROS2/build/camera_event_data_interface\n'}
[1.213552] (camera_event_data_interface) CommandEnded: {'returncode': 0}
[1.214129] (camera_event_data_interface) JobProgress: {'identifier': 'camera_event_data_interface', 'progress': 'build'}
[1.214814] (camera_event_data_interface) Command: {'cmd': ['/usr/bin/cmake', '--build', '/home/palinauskas/Documents/fortiss_repo/mujoco-eleanor/ROS2/build/camera_event_data_interface', '--', '-j8', '-l8'], 'cwd': '/home/palinauskas/Documents/fortiss_repo/mujoco-eleanor/ROS2/build/camera_event_data_interface', 'env': OrderedDict([('LESSOPEN', '| /usr/bin/lesspipe %s'), ('USER', 'palinauskas'), ('LC_TIME', 'de_DE.UTF-8'), ('SSH_AGENT_PID', '4489'), ('XDG_SESSION_TYPE', 'x11'), ('SHLVL', '1'), ('LD_LIBRARY_PATH', '/opt/ros/galactic/opt/yaml_cpp_vendor/lib:/opt/ros/galactic/opt/rviz_ogre_vendor/lib:/opt/ros/galactic/lib/x86_64-linux-gnu:/opt/ros/galactic/lib:/usr/local/cuda-11.3/lib64:'), ('HOME', '/home/palinauskas'), ('CONDA_SHLVL', '0'), ('OLDPWD', '/home/palinauskas/Documents/fortiss_repo/mujoco-eleanor'), ('DESKTOP_SESSION', 'ubuntu'), ('ROS_PYTHON_VERSION', '3'), ('GNOME_SHELL_SESSION_MODE', 'ubuntu'), ('HOMEBREW_PREFIX', '/home/linuxbrew/.linuxbrew'), ('GTK_MODULES', 'gail:atk-bridge'), ('LC_MONETARY', 'de_DE.UTF-8'), ('MANAGERPID', '4306'), ('DBUS_SESSION_BUS_ADDRESS', 'unix:path=/run/user/1001/bus'), ('COLORTERM', 'truecolor'), ('_CE_M', ''), ('TERMINATOR_DBUS_NAME', 'net.tenshu.Terminator23558193cd9818af7fe4d2c2f5bd9d00f'), ('GIO_LAUNCHED_DESKTOP_FILE_PID', '16299'), ('IM_CONFIG_PHASE', '1'), ('INFOPATH', '/home/linuxbrew/.linuxbrew/share/info:'), ('ROS_DISTRO', 'galactic'), ('LOGNAME', 'palinauskas'), ('JOURNAL_STREAM', '8:52444'), ('_', '/usr/bin/colcon'), ('ROS_VERSION', '2'), ('XDG_SESSION_CLASS', 'user'), ('USERNAME', 'palinauskas'), ('TERM', 'xterm-256color'), ('GNOME_DESKTOP_SESSION_ID', 'this-is-deprecated'), ('_CE_CONDA', ''), ('ROS_LOCALHOST_ONLY', '0'), ('WINDOWPATH', '2'), ('PATH', '/opt/ros/galactic/bin:/usr/local/cuda-11.3/bin:/home/palinauskas/anaconda3/condabin:/home/linuxbrew/.linuxbrew/bin:/home/linuxbrew/.linuxbrew/sbin:/home/palinauskas/.local/bin:/usr/local/sbin:/usr/local/bin:/usr/sbin:/usr/bin:/sbin:/bin:/usr/games:/usr/local/games:/snap/bin'), ('SESSION_MANAGER', 'local/for2745:@/tmp/.ICE-unix/4528,unix/for2745:/tmp/.ICE-unix/4528'), ('INVOCATION_ID', 'd0bf3657d2e84257a0d565114d9b71d5'), ('HOMEBREW_CELLAR', '/home/linuxbrew/.linuxbrew/Cellar'), ('XDG_MENU_PREFIX', 'gnome-'), ('LC_ADDRESS', 'de_DE.UTF-8'), ('XDG_RUNTIME_DIR', '/run/user/1001'), ('DISPLAY', ':1'), ('TERMINATOR_DBUS_PATH', '/net/tenshu/Terminator2'), ('LANG', 'en_US.UTF-8'), ('XDG_CURRENT_DESKTOP', 'ubuntu:GNOME'), ('LC_TELEPHONE', 'de_DE.UTF-8'), ('XMODIFIERS', '@im=ibus'), ('XDG_SESSION_DESKTOP', 'ubuntu'), ('XAUTHORITY', '/run/user/1001/gdm/Xauthority'), ('LS_COLORS', 'rs=0:di=01;34:ln=01;36:mh=00:pi=40;33:so=01;35:do=01;35:bd=40;33;01:cd=40;33;01:or=40;31;01:mi=00:su=37;41:sg=30;43:ca=30;41:tw=30;42:ow=34;42:st=37;44:ex=01;32:*.tar=01;31:*.tgz=01;31:*.arc=01;31:*.arj=01;31:*.taz=01;31:*.lha=01;31:*.lz4=01;31:*.lzh=01;31:*.lzma=01;31:*.tlz=01;31:*.txz=01;31:*.tzo=01;31:*.t7z=01;31:*.zip=01;31:*.z=01;31:*.dz=01;31:*.gz=01;31:*.lrz=01;31:*.lz=01;31:*.lzo=01;31:*.xz=01;31:*.zst=01;31:*.tzst=01;31:*.bz2=01;31:*.bz=01;31:*.tbz=01;31:*.tbz2=01;31:*.tz=01;31:*.deb=01;31:*.rpm=01;31:*.jar=01;31:*.war=01;31:*.ear=01;31:*.sar=01;31:*.rar=01;31:*.alz=01;31:*.ace=01;31:*.zoo=01;31:*.cpio=01;31:*.7z=01;31:*.rz=01;31:*.cab=01;31:*.wim=01;31:*.swm=01;31:*.dwm=01;31:*.esd=01;31:*.jpg=01;35:*.jpeg=01;35:*.mjpg=01;35:*.mjpeg=01;35:*.gif=01;35:*.bmp=01;35:*.pbm=01;35:*.pgm=01;35:*.ppm=01;35:*.tga=01;35:*.xbm=01;35:*.xpm=01;35:*.tif=01;35:*.tiff=01;35:*.png=01;35:*.svg=01;35:*.svgz=01;35:*.mng=01;35:*.pcx=01;35:*.mov=01;35:*.mpg=01;35:*.mpeg=01;35:*.m2v=01;35:*.mkv=01;35:*.webm=01;35:*.ogm=01;35:*.mp4=01;35:*.m4v=01;35:*.mp4v=01;35:*.vob=01;35:*.qt=01;35:*.nuv=01;35:*.wmv=01;35:*.asf=01;35:*.rm=01;35:*.rmvb=01;35:*.flc=01;35:*.avi=01;35:*.fli=01;35:*.flv=01;35:*.gl=01;35:*.dl=01;35:*.xcf=01;35:*.xwd=01;35:*.yuv=01;35:*.cgm=01;35:*.emf=01;35:*.ogv=01;35:*.ogx=01;35:*.aac=00;36:*.au=00;36:*.flac=00;36:*.m4a=00;36:*.mid=00;36:*.midi=00;36:*.mka=00;36:*.mp3=00;36:*.mpc=00;36:*.ogg=00;36:*.ra=00;36:*.wav=00;36:*.oga=00;36:*.opus=00;36:*.spx=00;36:*.xspf=00;36:'), ('SSH_AUTH_SOCK', '/run/user/1001/keyring/ssh'), ('AMENT_PREFIX_PATH', '/opt/ros/galactic'), ('CONDA_PYTHON_EXE', '/home/palinauskas/anaconda3/bin/python'), ('SHELL', '/bin/bash'), ('LC_NAME', 'de_DE.UTF-8'), ('TERMINATOR_UUID', 'urn:uuid:7cd6a82d-e45f-4391-a19a-e3888a80767b'), ('QT_ACCESSIBILITY', '1'), ('GDMSESSION', 'ubuntu'), ('LESSCLOSE', '/usr/bin/lesspipe %s %s'), ('LC_MEASUREMENT', 'de_DE.UTF-8'), ('GPG_AGENT_INFO', '/run/user/1001/gnupg/S.gpg-agent:0:1'), ('LC_IDENTIFICATION', 'de_DE.UTF-8'), ('QT_IM_MODULE', 'ibus'), ('PWD', '/home/palinauskas/Documents/fortiss_repo/mujoco-eleanor/ROS2/build/camera_event_data_interface'), ('LC_ALL', 'en_US.UTF-8'), ('XDG_CONFIG_DIRS', '/etc/xdg/xdg-ubuntu:/etc/xdg'), ('CONDA_EXE', '/home/palinauskas/anaconda3/bin/conda'), ('XDG_DATA_DIRS', '/usr/share/ubuntu:/usr/local/share/:/usr/share/:/var/lib/snapd/desktop'), ('PYTHONPATH', '/opt/ros/galactic/lib/python3.8/site-packages'), ('HOMEBREW_REPOSITORY', '/home/linuxbrew/.linuxbrew/Homebrew'), ('LC_NUMERIC', 'de_DE.UTF-8'), ('LC_PAPER', 'de_DE.UTF-8'), ('COLCON', '1'), ('MANPATH', '/home/linuxbrew/.linuxbrew/share/man:'), ('VTE_VERSION', '6003'), ('CMAKE_PREFIX_PATH', '/opt/ros/galactic')]), 'shell': False}
[1.216749] (controller_interface) StdoutLine: {'line': b'-- Found PythonExtra: .so  \n'}
[1.257765] (controller_interface) StdoutLine: {'line': b'-- Found ament_lint_auto: 0.10.7 (/opt/ros/galactic/share/ament_lint_auto/cmake)\n'}
[1.262666] (camera_event_data_interface) StdoutLine: {'line': b'[  3%] \x1b[34m\x1b[1mGenerating C code for ROS interfaces\x1b[0m\n'}
[1.262883] (camera_event_data_interface) StdoutLine: {'line': b'\x1b[35m\x1b[1mScanning dependencies of target camera_event_data_interface__cpp\x1b[0m\n'}
[1.272852] (controller_interface) StdoutLine: {'line': b"-- Added test 'copyright' to check source files copyright and LICENSE\n"}
[1.274421] (controller_interface) StdoutLine: {'line': b"-- Added test 'lint_cmake' to check CMake code style\n"}
[1.275131] (controller_interface) StdoutLine: {'line': b"-- Added test 'xmllint' to check XML markup files\n"}
[1.278831] (camera_event_data_interface) StdoutLine: {'line': b'[  6%] \x1b[34m\x1b[1mGenerating C++ code for ROS interfaces\x1b[0m\n'}
[1.279635] (controller_interface) StdoutLine: {'line': b'-- Configuring done\n'}
[1.301199] (-) TimerEvent: {}
[1.333715] (controller_interface) StdoutLine: {'line': b'-- Generating done\n'}
[1.337646] (controller_interface) StdoutLine: {'line': b'-- Build files have been written to: /home/palinauskas/Documents/fortiss_repo/mujoco-eleanor/ROS2/build/controller_interface\n'}
[1.348122] (controller_interface) CommandEnded: {'returncode': 0}
[1.350368] (controller_interface) JobProgress: {'identifier': 'controller_interface', 'progress': 'build'}
[1.350468] (controller_interface) Command: {'cmd': ['/usr/bin/cmake', '--build', '/home/palinauskas/Documents/fortiss_repo/mujoco-eleanor/ROS2/build/controller_interface', '--', '-j8', '-l8'], 'cwd': '/home/palinauskas/Documents/fortiss_repo/mujoco-eleanor/ROS2/build/controller_interface', 'env': OrderedDict([('LESSOPEN', '| /usr/bin/lesspipe %s'), ('USER', 'palinauskas'), ('LC_TIME', 'de_DE.UTF-8'), ('SSH_AGENT_PID', '4489'), ('XDG_SESSION_TYPE', 'x11'), ('SHLVL', '1'), ('LD_LIBRARY_PATH', '/opt/ros/galactic/opt/yaml_cpp_vendor/lib:/opt/ros/galactic/opt/rviz_ogre_vendor/lib:/opt/ros/galactic/lib/x86_64-linux-gnu:/opt/ros/galactic/lib:/usr/local/cuda-11.3/lib64:'), ('HOME', '/home/palinauskas'), ('CONDA_SHLVL', '0'), ('OLDPWD', '/home/palinauskas/Documents/fortiss_repo/mujoco-eleanor'), ('DESKTOP_SESSION', 'ubuntu'), ('ROS_PYTHON_VERSION', '3'), ('GNOME_SHELL_SESSION_MODE', 'ubuntu'), ('HOMEBREW_PREFIX', '/home/linuxbrew/.linuxbrew'), ('GTK_MODULES', 'gail:atk-bridge'), ('LC_MONETARY', 'de_DE.UTF-8'), ('MANAGERPID', '4306'), ('DBUS_SESSION_BUS_ADDRESS', 'unix:path=/run/user/1001/bus'), ('COLORTERM', 'truecolor'), ('_CE_M', ''), ('TERMINATOR_DBUS_NAME', 'net.tenshu.Terminator23558193cd9818af7fe4d2c2f5bd9d00f'), ('GIO_LAUNCHED_DESKTOP_FILE_PID', '16299'), ('IM_CONFIG_PHASE', '1'), ('INFOPATH', '/home/linuxbrew/.linuxbrew/share/info:'), ('ROS_DISTRO', 'galactic'), ('LOGNAME', 'palinauskas'), ('JOURNAL_STREAM', '8:52444'), ('_', '/usr/bin/colcon'), ('ROS_VERSION', '2'), ('XDG_SESSION_CLASS', 'user'), ('USERNAME', 'palinauskas'), ('TERM', 'xterm-256color'), ('GNOME_DESKTOP_SESSION_ID', 'this-is-deprecated'), ('_CE_CONDA', ''), ('ROS_LOCALHOST_ONLY', '0'), ('WINDOWPATH', '2'), ('PATH', '/opt/ros/galactic/bin:/usr/local/cuda-11.3/bin:/home/palinauskas/anaconda3/condabin:/home/linuxbrew/.linuxbrew/bin:/home/linuxbrew/.linuxbrew/sbin:/home/palinauskas/.local/bin:/usr/local/sbin:/usr/local/bin:/usr/sbin:/usr/bin:/sbin:/bin:/usr/games:/usr/local/games:/snap/bin'), ('SESSION_MANAGER', 'local/for2745:@/tmp/.ICE-unix/4528,unix/for2745:/tmp/.ICE-unix/4528'), ('INVOCATION_ID', 'd0bf3657d2e84257a0d565114d9b71d5'), ('HOMEBREW_CELLAR', '/home/linuxbrew/.linuxbrew/Cellar'), ('XDG_MENU_PREFIX', 'gnome-'), ('LC_ADDRESS', 'de_DE.UTF-8'), ('XDG_RUNTIME_DIR', '/run/user/1001'), ('DISPLAY', ':1'), ('TERMINATOR_DBUS_PATH', '/net/tenshu/Terminator2'), ('LANG', 'en_US.UTF-8'), ('XDG_CURRENT_DESKTOP', 'ubuntu:GNOME'), ('LC_TELEPHONE', 'de_DE.UTF-8'), ('XMODIFIERS', '@im=ibus'), ('XDG_SESSION_DESKTOP', 'ubuntu'), ('XAUTHORITY', '/run/user/1001/gdm/Xauthority'), ('LS_COLORS', 'rs=0:di=01;34:ln=01;36:mh=00:pi=40;33:so=01;35:do=01;35:bd=40;33;01:cd=40;33;01:or=40;31;01:mi=00:su=37;41:sg=30;43:ca=30;41:tw=30;42:ow=34;42:st=37;44:ex=01;32:*.tar=01;31:*.tgz=01;31:*.arc=01;31:*.arj=01;31:*.taz=01;31:*.lha=01;31:*.lz4=01;31:*.lzh=01;31:*.lzma=01;31:*.tlz=01;31:*.txz=01;31:*.tzo=01;31:*.t7z=01;31:*.zip=01;31:*.z=01;31:*.dz=01;31:*.gz=01;31:*.lrz=01;31:*.lz=01;31:*.lzo=01;31:*.xz=01;31:*.zst=01;31:*.tzst=01;31:*.bz2=01;31:*.bz=01;31:*.tbz=01;31:*.tbz2=01;31:*.tz=01;31:*.deb=01;31:*.rpm=01;31:*.jar=01;31:*.war=01;31:*.ear=01;31:*.sar=01;31:*.rar=01;31:*.alz=01;31:*.ace=01;31:*.zoo=01;31:*.cpio=01;31:*.7z=01;31:*.rz=01;31:*.cab=01;31:*.wim=01;31:*.swm=01;31:*.dwm=01;31:*.esd=01;31:*.jpg=01;35:*.jpeg=01;35:*.mjpg=01;35:*.mjpeg=01;35:*.gif=01;35:*.bmp=01;35:*.pbm=01;35:*.pgm=01;35:*.ppm=01;35:*.tga=01;35:*.xbm=01;35:*.xpm=01;35:*.tif=01;35:*.tiff=01;35:*.png=01;35:*.svg=01;35:*.svgz=01;35:*.mng=01;35:*.pcx=01;35:*.mov=01;35:*.mpg=01;35:*.mpeg=01;35:*.m2v=01;35:*.mkv=01;35:*.webm=01;35:*.ogm=01;35:*.mp4=01;35:*.m4v=01;35:*.mp4v=01;35:*.vob=01;35:*.qt=01;35:*.nuv=01;35:*.wmv=01;35:*.asf=01;35:*.rm=01;35:*.rmvb=01;35:*.flc=01;35:*.avi=01;35:*.fli=01;35:*.flv=01;35:*.gl=01;35:*.dl=01;35:*.xcf=01;35:*.xwd=01;35:*.yuv=01;35:*.cgm=01;35:*.emf=01;35:*.ogv=01;35:*.ogx=01;35:*.aac=00;36:*.au=00;36:*.flac=00;36:*.m4a=00;36:*.mid=00;36:*.midi=00;36:*.mka=00;36:*.mp3=00;36:*.mpc=00;36:*.ogg=00;36:*.ra=00;36:*.wav=00;36:*.oga=00;36:*.opus=00;36:*.spx=00;36:*.xspf=00;36:'), ('SSH_AUTH_SOCK', '/run/user/1001/keyring/ssh'), ('AMENT_PREFIX_PATH', '/opt/ros/galactic'), ('CONDA_PYTHON_EXE', '/home/palinauskas/anaconda3/bin/python'), ('SHELL', '/bin/bash'), ('LC_NAME', 'de_DE.UTF-8'), ('TERMINATOR_UUID', 'urn:uuid:7cd6a82d-e45f-4391-a19a-e3888a80767b'), ('QT_ACCESSIBILITY', '1'), ('GDMSESSION', 'ubuntu'), ('LESSCLOSE', '/usr/bin/lesspipe %s %s'), ('LC_MEASUREMENT', 'de_DE.UTF-8'), ('GPG_AGENT_INFO', '/run/user/1001/gnupg/S.gpg-agent:0:1'), ('LC_IDENTIFICATION', 'de_DE.UTF-8'), ('QT_IM_MODULE', 'ibus'), ('PWD', '/home/palinauskas/Documents/fortiss_repo/mujoco-eleanor/ROS2/build/controller_interface'), ('LC_ALL', 'en_US.UTF-8'), ('XDG_CONFIG_DIRS', '/etc/xdg/xdg-ubuntu:/etc/xdg'), ('CONDA_EXE', '/home/palinauskas/anaconda3/bin/conda'), ('XDG_DATA_DIRS', '/usr/share/ubuntu:/usr/local/share/:/usr/share/:/var/lib/snapd/desktop'), ('PYTHONPATH', '/opt/ros/galactic/lib/python3.8/site-packages'), ('HOMEBREW_REPOSITORY', '/home/linuxbrew/.linuxbrew/Homebrew'), ('LC_NUMERIC', 'de_DE.UTF-8'), ('LC_PAPER', 'de_DE.UTF-8'), ('COLCON', '1'), ('MANPATH', '/home/linuxbrew/.linuxbrew/share/man:'), ('VTE_VERSION', '6003'), ('CMAKE_PREFIX_PATH', '/opt/ros/galactic')]), 'shell': False}
[1.401323] (-) TimerEvent: {}
[1.403686] (controller_interface) StdoutLine: {'line': b'[  1%] \x1b[34m\x1b[1mGenerating C code for ROS interfaces\x1b[0m\n'}
[1.404575] (controller_interface) StdoutLine: {'line': b'\x1b[35m\x1b[1mScanning dependencies of target controller_interface__cpp\x1b[0m\n'}
[1.416706] (controller_interface) StdoutLine: {'line': b'[  3%] \x1b[34m\x1b[1mGenerating C++ code for ROS interfaces\x1b[0m\n'}
[1.490862] (camera_event_data_interface) StdoutLine: {'line': b'[  6%] Built target camera_event_data_interface__cpp\n'}
[1.501442] (-) TimerEvent: {}
[1.507886] (camera_event_data_interface) StdoutLine: {'line': b'[ 12%] \x1b[34m\x1b[1mGenerating C++ type support dispatch for ROS interfaces\x1b[0m\n'}
[1.508219] (camera_event_data_interface) StdoutLine: {'line': b'[ 12%] \x1b[34m\x1b[1mGenerating C++ introspection for ROS interfaces\x1b[0m\n'}
[1.513296] (camera_event_data_interface) StdoutLine: {'line': b'[ 16%] \x1b[34m\x1b[1mGenerating C++ type support for eProsima Fast-RTPS\x1b[0m\n'}
[1.528410] (camera_event_data_interface) StdoutLine: {'line': b'\x1b[35m\x1b[1mScanning dependencies of target camera_event_data_interface__rosidl_generator_c\x1b[0m\n'}
[1.546878] (camera_event_data_interface) StdoutLine: {'line': b'[ 19%] \x1b[32mBuilding C object CMakeFiles/camera_event_data_interface__rosidl_generator_c.dir/rosidl_generator_c/camera_event_data_interface/msg/detail/camera_events__functions.c.o\x1b[0m\n'}
[1.601532] (-) TimerEvent: {}
[1.687386] (camera_event_data_interface) StdoutLine: {'line': b'[ 22%] \x1b[32m\x1b[1mLinking C shared library libcamera_event_data_interface__rosidl_generator_c.so\x1b[0m\n'}
[1.701628] (-) TimerEvent: {}
[1.742100] (camera_event_data_interface) StdoutLine: {'line': b'[ 22%] Built target camera_event_data_interface__rosidl_generator_c\n'}
[1.765763] (camera_event_data_interface) StdoutLine: {'line': b'[ 25%] \x1b[34m\x1b[1mGenerating C introspection for ROS interfaces\x1b[0m\n'}
[1.773488] (camera_event_data_interface) StdoutLine: {'line': b'[ 29%] \x1b[34m\x1b[1mGenerating C type support dispatch for ROS interfaces\x1b[0m\n'}
[1.801734] (-) TimerEvent: {}
[1.818533] (camera_event_data_interface) StdoutLine: {'line': b'\x1b[35m\x1b[1mScanning dependencies of target camera_event_data_interface__rosidl_typesupport_cpp\x1b[0m\n'}
[1.826417] (camera_event_data_interface) StdoutLine: {'line': b'\x1b[35m\x1b[1mScanning dependencies of target camera_event_data_interface__rosidl_typesupport_introspection_cpp\x1b[0m\n'}
[1.836896] (camera_event_data_interface) StdoutLine: {'line': b'\x1b[35m\x1b[1mScanning dependencies of target camera_event_data_interface__rosidl_typesupport_fastrtps_cpp\x1b[0m\n'}
[1.864647] (camera_event_data_interface) StdoutLine: {'line': b'[ 32%] \x1b[32mBuilding CXX object CMakeFiles/camera_event_data_interface__rosidl_typesupport_fastrtps_cpp.dir/rosidl_typesupport_fastrtps_cpp/camera_event_data_interface/msg/detail/dds_fastrtps/camera_events__type_support.cpp.o\x1b[0m\n'}
[1.865450] (camera_event_data_interface) StdoutLine: {'line': b'[ 35%] \x1b[32mBuilding CXX object CMakeFiles/camera_event_data_interface__rosidl_typesupport_cpp.dir/rosidl_typesupport_cpp/camera_event_data_interface/msg/camera_events__type_support.cpp.o\x1b[0m\n'}
[1.873809] (camera_event_data_interface) StdoutLine: {'line': b'[ 38%] \x1b[32mBuilding CXX object CMakeFiles/camera_event_data_interface__rosidl_typesupport_introspection_cpp.dir/rosidl_typesupport_introspection_cpp/camera_event_data_interface/msg/detail/camera_events__type_support.cpp.o\x1b[0m\n'}
[1.901824] (-) TimerEvent: {}
[2.002104] (-) TimerEvent: {}
[2.046943] (camera_event_data_interface) StdoutLine: {'line': b'\x1b[35m\x1b[1mScanning dependencies of target camera_event_data_interface__rosidl_typesupport_introspection_c\x1b[0m\n'}
[2.079327] (camera_event_data_interface) StdoutLine: {'line': b'\x1b[35m\x1b[1mScanning dependencies of target camera_event_data_interface__rosidl_typesupport_c\x1b[0m\n'}
[2.099165] (camera_event_data_interface) StdoutLine: {'line': b'[ 41%] \x1b[32mBuilding C object CMakeFiles/camera_event_data_interface__rosidl_typesupport_introspection_c.dir/rosidl_typesupport_introspection_c/camera_event_data_interface/msg/detail/camera_events__type_support.c.o\x1b[0m\n'}
[2.102198] (-) TimerEvent: {}
[2.111866] (camera_event_data_interface) StdoutLine: {'line': b'[ 45%] \x1b[32mBuilding CXX object CMakeFiles/camera_event_data_interface__rosidl_typesupport_c.dir/rosidl_typesupport_c/camera_event_data_interface/msg/camera_events__type_support.cpp.o\x1b[0m\n'}
[2.162444] (camera_event_data_interface) StdoutLine: {'line': b'[ 48%] \x1b[32m\x1b[1mLinking C shared library libcamera_event_data_interface__rosidl_typesupport_introspection_c.so\x1b[0m\n'}
[2.177768] (camera_event_data_interface) StdoutLine: {'line': b'[ 51%] \x1b[32m\x1b[1mLinking CXX shared library libcamera_event_data_interface__rosidl_typesupport_c.so\x1b[0m\n'}
[2.202307] (-) TimerEvent: {}
[2.215084] (camera_event_data_interface) StdoutLine: {'line': b'[ 54%] \x1b[32m\x1b[1mLinking CXX shared library libcamera_event_data_interface__rosidl_typesupport_cpp.so\x1b[0m\n'}
[2.229772] (camera_event_data_interface) StdoutLine: {'line': b'[ 54%] Built target camera_event_data_interface__rosidl_typesupport_introspection_c\n'}
[2.266472] (camera_event_data_interface) StdoutLine: {'line': b'[ 54%] Built target camera_event_data_interface__rosidl_typesupport_c\n'}
[2.297581] (camera_event_data_interface) StdoutLine: {'line': b'[ 54%] Built target camera_event_data_interface__rosidl_typesupport_cpp\n'}
[2.302399] (-) TimerEvent: {}
[2.333189] (camera_event_data_interface) StdoutLine: {'line': b'[ 58%] \x1b[32m\x1b[1mLinking CXX shared library libcamera_event_data_interface__rosidl_typesupport_introspection_cpp.so\x1b[0m\n'}
[2.393406] (camera_event_data_interface) StdoutLine: {'line': b'[ 58%] Built target camera_event_data_interface__rosidl_typesupport_introspection_cpp\n'}
[2.402561] (-) TimerEvent: {}
[2.467043] (camera_event_data_interface) StdoutLine: {'line': b'[ 61%] \x1b[32m\x1b[1mLinking CXX shared library libcamera_event_data_interface__rosidl_typesupport_fastrtps_cpp.so\x1b[0m\n'}
[2.502718] (-) TimerEvent: {}
[2.559242] (camera_event_data_interface) StdoutLine: {'line': b'[ 61%] Built target camera_event_data_interface__rosidl_typesupport_fastrtps_cpp\n'}
[2.573685] (camera_event_data_interface) StdoutLine: {'line': b'[ 64%] \x1b[34m\x1b[1mGenerating C type support for eProsima Fast-RTPS\x1b[0m\n'}
[2.602814] (-) TimerEvent: {}
[2.703097] (-) TimerEvent: {}
[2.723193] (controller_interface) StdoutLine: {'line': b'\x1b[35m\x1b[1mScanning dependencies of target controller_interface__rosidl_generator_c\x1b[0m\n'}
[2.749856] (controller_interface) StdoutLine: {'line': b'[  3%] Built target controller_interface__cpp\n'}
[2.753839] (controller_interface) StdoutLine: {'line': b'[  5%] \x1b[32mBuilding C object CMakeFiles/controller_interface__rosidl_generator_c.dir/rosidl_generator_c/controller_interface/action/detail/desired_pose_name__functions.c.o\x1b[0m\n'}
[2.763071] (controller_interface) StdoutLine: {'line': b'[  7%] \x1b[32mBuilding C object CMakeFiles/controller_interface__rosidl_generator_c.dir/rosidl_generator_c/controller_interface/action/detail/saccades__functions.c.o\x1b[0m\n'}
[2.763726] (controller_interface) StdoutLine: {'line': b'[  9%] \x1b[32mBuilding C object CMakeFiles/controller_interface__rosidl_generator_c.dir/rosidl_generator_c/controller_interface/action/detail/desired_pose__functions.c.o\x1b[0m\n'}
[2.766468] (controller_interface) StdoutLine: {'line': b'[ 10%] \x1b[34m\x1b[1mGenerating C++ introspection for ROS interfaces\x1b[0m\n'}
[2.776628] (controller_interface) StdoutLine: {'line': b'[ 12%] \x1b[32mBuilding C object CMakeFiles/controller_interface__rosidl_generator_c.dir/rosidl_generator_c/controller_interface/action/detail/saccades2__functions.c.o\x1b[0m\n'}
[2.777332] (controller_interface) StdoutLine: {'line': b'[ 14%] \x1b[34m\x1b[1mGenerating C++ type support for eProsima Fast-RTPS\x1b[0m\n'}
[2.781512] (controller_interface) StdoutLine: {'line': b'[ 16%] \x1b[34m\x1b[1mGenerating C++ type support dispatch for ROS interfaces\x1b[0m\n'}
[2.803196] (-) TimerEvent: {}
[2.899542] (camera_event_data_interface) StdoutLine: {'line': b'\x1b[35m\x1b[1mScanning dependencies of target camera_event_data_interface__rosidl_typesupport_fastrtps_c\x1b[0m\n'}
[2.909130] (-) TimerEvent: {}
[2.925487] (camera_event_data_interface) StdoutLine: {'line': b'[ 67%] \x1b[32mBuilding CXX object CMakeFiles/camera_event_data_interface__rosidl_typesupport_fastrtps_c.dir/rosidl_typesupport_fastrtps_c/camera_event_data_interface/msg/detail/camera_events__type_support_c.cpp.o\x1b[0m\n'}
[2.927499] (controller_interface) StdoutLine: {'line': b'[ 18%] \x1b[32m\x1b[1mLinking C shared library libcontroller_interface__rosidl_generator_c.so\x1b[0m\n'}
[2.983668] (controller_interface) StdoutLine: {'line': b'[ 18%] Built target controller_interface__rosidl_generator_c\n'}
[3.002955] (controller_interface) StdoutLine: {'line': b'[ 20%] \x1b[34m\x1b[1mGenerating C introspection for ROS interfaces\x1b[0m\n'}
[3.009223] (-) TimerEvent: {}
[3.009547] (controller_interface) StdoutLine: {'line': b'[ 21%] \x1b[34m\x1b[1mGenerating C type support dispatch for ROS interfaces\x1b[0m\n'}
[3.109320] (-) TimerEvent: {}
[3.209724] (-) TimerEvent: {}
[3.285265] (camera_event_data_interface) StdoutLine: {'line': b'[ 70%] \x1b[32m\x1b[1mLinking CXX shared library libcamera_event_data_interface__rosidl_typesupport_fastrtps_c.so\x1b[0m\n'}
[3.309822] (-) TimerEvent: {}
[3.386615] (controller_interface) StdoutLine: {'line': b'\x1b[35m\x1b[1mScanning dependencies of target controller_interface__rosidl_typesupport_cpp\x1b[0m\n'}
[3.393798] (camera_event_data_interface) StdoutLine: {'line': b'[ 70%] Built target camera_event_data_interface__rosidl_typesupport_fastrtps_c\n'}
[3.409911] (-) TimerEvent: {}
[3.424831] (controller_interface) StdoutLine: {'line': b'[ 23%] \x1b[32mBuilding CXX object CMakeFiles/controller_interface__rosidl_typesupport_cpp.dir/rosidl_typesupport_cpp/controller_interface/action/desired_pose_name__type_support.cpp.o\x1b[0m\n'}
[3.429880] (camera_event_data_interface) StdoutLine: {'line': b'\x1b[35m\x1b[1mScanning dependencies of target camera_event_data_interface\x1b[0m\n'}
[3.449348] (controller_interface) StdoutLine: {'line': b'[ 25%] \x1b[32mBuilding CXX object CMakeFiles/controller_interface__rosidl_typesupport_cpp.dir/rosidl_typesupport_cpp/controller_interface/action/desired_pose__type_support.cpp.o\x1b[0m\n'}
[3.450325] (camera_event_data_interface) StdoutLine: {'line': b'[ 70%] Built target camera_event_data_interface\n'}
[3.451111] (controller_interface) StdoutLine: {'line': b'[ 27%] \x1b[32mBuilding CXX object CMakeFiles/controller_interface__rosidl_typesupport_cpp.dir/rosidl_typesupport_cpp/controller_interface/action/saccades__type_support.cpp.o\x1b[0m\n'}
[3.469407] (controller_interface) StdoutLine: {'line': b'[ 29%] \x1b[32mBuilding CXX object CMakeFiles/controller_interface__rosidl_typesupport_cpp.dir/rosidl_typesupport_cpp/controller_interface/action/saccades2__type_support.cpp.o\x1b[0m\n'}
[3.500156] (camera_event_data_interface) StdoutLine: {'line': b'\x1b[35m\x1b[1mScanning dependencies of target camera_event_data_interface__py\x1b[0m\n'}
[3.510001] (-) TimerEvent: {}
[3.581439] (camera_event_data_interface) StdoutLine: {'line': b'[ 74%] \x1b[34m\x1b[1mGenerating Python code for ROS interfaces\x1b[0m\n'}
[3.610091] (-) TimerEvent: {}
[3.706435] (controller_interface) StdoutLine: {'line': b'\x1b[35m\x1b[1mScanning dependencies of target controller_interface__rosidl_typesupport_c\x1b[0m\n'}
[3.710198] (-) TimerEvent: {}
[3.810557] (-) TimerEvent: {}
[3.829966] (controller_interface) StdoutLine: {'line': b'[ 30%] \x1b[32mBuilding CXX object CMakeFiles/controller_interface__rosidl_typesupport_c.dir/rosidl_typesupport_c/controller_interface/action/desired_pose_name__type_support.cpp.o\x1b[0m\n'}
[3.910663] (-) TimerEvent: {}
[4.006344] (controller_interface) StdoutLine: {'line': b'[ 32%] \x1b[32mBuilding CXX object CMakeFiles/controller_interface__rosidl_typesupport_c.dir/rosidl_typesupport_c/controller_interface/action/desired_pose__type_support.cpp.o\x1b[0m\n'}
[4.010763] (-) TimerEvent: {}
[4.024336] (controller_interface) StdoutLine: {'line': b'\x1b[35m\x1b[1mScanning dependencies of target controller_interface__rosidl_typesupport_introspection_cpp\x1b[0m\n'}
[4.071031] (controller_interface) StdoutLine: {'line': b'[ 34%] \x1b[32mBuilding CXX object CMakeFiles/controller_interface__rosidl_typesupport_introspection_cpp.dir/rosidl_typesupport_introspection_cpp/controller_interface/action/detail/desired_pose_name__type_support.cpp.o\x1b[0m\n'}
[4.110850] (-) TimerEvent: {}
[4.114383] (controller_interface) StdoutLine: {'line': b'[ 36%] \x1b[32mBuilding CXX object CMakeFiles/controller_interface__rosidl_typesupport_introspection_cpp.dir/rosidl_typesupport_introspection_cpp/controller_interface/action/detail/desired_pose__type_support.cpp.o\x1b[0m\n'}
[4.116536] (controller_interface) StdoutLine: {'line': b'[ 38%] \x1b[32mBuilding CXX object CMakeFiles/controller_interface__rosidl_typesupport_c.dir/rosidl_typesupport_c/controller_interface/action/saccades__type_support.cpp.o\x1b[0m\n'}
[4.152991] (controller_interface) StdoutLine: {'line': b'[ 40%] \x1b[32mBuilding CXX object CMakeFiles/controller_interface__rosidl_typesupport_c.dir/rosidl_typesupport_c/controller_interface/action/saccades2__type_support.cpp.o\x1b[0m\n'}
[4.162843] (controller_interface) StdoutLine: {'line': b'\x1b[35m\x1b[1mScanning dependencies of target controller_interface__rosidl_typesupport_introspection_c\x1b[0m\n'}
[4.171740] (controller_interface) StdoutLine: {'line': b'[ 41%] \x1b[32mBuilding CXX object CMakeFiles/controller_interface__rosidl_typesupport_introspection_cpp.dir/rosidl_typesupport_introspection_cpp/controller_interface/action/detail/saccades__type_support.cpp.o\x1b[0m\n'}
[4.195693] (controller_interface) StdoutLine: {'line': b'[ 43%] \x1b[32m\x1b[1mLinking CXX shared library libcontroller_interface__rosidl_typesupport_cpp.so\x1b[0m\n'}
[4.210956] (-) TimerEvent: {}
[4.230859] (controller_interface) StdoutLine: {'line': b'[ 45%] \x1b[32mBuilding CXX object CMakeFiles/controller_interface__rosidl_typesupport_introspection_cpp.dir/rosidl_typesupport_introspection_cpp/controller_interface/action/detail/saccades2__type_support.cpp.o\x1b[0m\n'}
[4.236971] (controller_interface) StdoutLine: {'line': b'[ 47%] \x1b[32mBuilding C object CMakeFiles/controller_interface__rosidl_typesupport_introspection_c.dir/rosidl_typesupport_introspection_c/controller_interface/action/detail/desired_pose_name__type_support.c.o\x1b[0m\n'}
[4.311063] (-) TimerEvent: {}
[4.327782] (controller_interface) StdoutLine: {'line': b'[ 49%] \x1b[32m\x1b[1mLinking CXX shared library libcontroller_interface__rosidl_typesupport_c.so\x1b[0m\n'}
[4.328402] (controller_interface) StdoutLine: {'line': b'\x1b[35m\x1b[1mScanning dependencies of target controller_interface__rosidl_typesupport_fastrtps_cpp\x1b[0m\n'}
[4.361512] (controller_interface) StdoutLine: {'line': b'[ 49%] Built target controller_interface__rosidl_typesupport_cpp\n'}
[4.411181] (-) TimerEvent: {}
[4.412390] (controller_interface) StdoutLine: {'line': b'[ 50%] \x1b[32mBuilding C object CMakeFiles/controller_interface__rosidl_typesupport_introspection_c.dir/rosidl_typesupport_introspection_c/controller_interface/action/detail/saccades__type_support.c.o\x1b[0m\n'}
[4.418220] (controller_interface) StdoutLine: {'line': b'[ 52%] \x1b[32mBuilding C object CMakeFiles/controller_interface__rosidl_typesupport_introspection_c.dir/rosidl_typesupport_introspection_c/controller_interface/action/detail/desired_pose__type_support.c.o\x1b[0m\n'}
[4.454569] (controller_interface) StdoutLine: {'line': b'[ 52%] Built target controller_interface__rosidl_typesupport_c\n'}
[4.471937] (controller_interface) StdoutLine: {'line': b'[ 54%] \x1b[32mBuilding CXX object CMakeFiles/controller_interface__rosidl_typesupport_fastrtps_cpp.dir/rosidl_typesupport_fastrtps_cpp/controller_interface/action/detail/dds_fastrtps/desired_pose__type_support.cpp.o\x1b[0m\n'}
[4.486758] (camera_event_data_interface) StdoutLine: {'line': b'[ 74%] Built target camera_event_data_interface__py\n'}
[4.495358] (controller_interface) StdoutLine: {'line': b'[ 56%] \x1b[32mBuilding CXX object CMakeFiles/controller_interface__rosidl_typesupport_fastrtps_cpp.dir/rosidl_typesupport_fastrtps_cpp/controller_interface/action/detail/dds_fastrtps/desired_pose_name__type_support.cpp.o\x1b[0m\n'}
[4.511322] (-) TimerEvent: {}
[4.530631] (camera_event_data_interface) StdoutLine: {'line': b'\x1b[35m\x1b[1mScanning dependencies of target camera_event_data_interface__python\x1b[0m\n'}
[4.562494] (controller_interface) StdoutLine: {'line': b'[ 58%] \x1b[32mBuilding C object CMakeFiles/controller_interface__rosidl_typesupport_introspection_c.dir/rosidl_typesupport_introspection_c/controller_interface/action/detail/saccades2__type_support.c.o\x1b[0m\n'}
[4.602853] (controller_interface) StdoutLine: {'line': b'[ 60%] \x1b[32mBuilding CXX object CMakeFiles/controller_interface__rosidl_typesupport_fastrtps_cpp.dir/rosidl_typesupport_fastrtps_cpp/controller_interface/action/detail/dds_fastrtps/saccades__type_support.cpp.o\x1b[0m\n'}
[4.611433] (-) TimerEvent: {}
[4.621401] (camera_event_data_interface) StdoutLine: {'line': b'[ 77%] \x1b[32mBuilding C object CMakeFiles/camera_event_data_interface__python.dir/rosidl_generator_py/camera_event_data_interface/msg/_camera_events_s.c.o\x1b[0m\n'}
[4.661844] (controller_interface) StdoutLine: {'line': b'[ 61%] \x1b[32mBuilding CXX object CMakeFiles/controller_interface__rosidl_typesupport_fastrtps_cpp.dir/rosidl_typesupport_fastrtps_cpp/controller_interface/action/detail/dds_fastrtps/saccades2__type_support.cpp.o\x1b[0m\n'}
[4.665372] (controller_interface) StdoutLine: {'line': b'[ 63%] \x1b[32m\x1b[1mLinking C shared library libcontroller_interface__rosidl_typesupport_introspection_c.so\x1b[0m\n'}
[4.712693] (-) TimerEvent: {}
[4.771397] (controller_interface) StdoutLine: {'line': b'[ 65%] \x1b[32m\x1b[1mLinking CXX shared library libcontroller_interface__rosidl_typesupport_introspection_cpp.so\x1b[0m\n'}
[4.786226] (controller_interface) StdoutLine: {'line': b'[ 65%] Built target controller_interface__rosidl_typesupport_introspection_c\n'}
[4.812809] (-) TimerEvent: {}
[4.868296] (camera_event_data_interface) StdoutLine: {'line': b'[ 80%] \x1b[32m\x1b[1mLinking C shared library rosidl_generator_py/camera_event_data_interface/libcamera_event_data_interface__python.so\x1b[0m\n'}
[4.912937] (-) TimerEvent: {}
[4.953047] (controller_interface) StdoutLine: {'line': b'[ 65%] Built target controller_interface__rosidl_typesupport_introspection_cpp\n'}
[4.953412] (camera_event_data_interface) StdoutLine: {'line': b'[ 80%] Built target camera_event_data_interface__python\n'}
[4.972995] (camera_event_data_interface) StdoutLine: {'line': b'\x1b[35m\x1b[1mScanning dependencies of target camera_event_data_interface__rosidl_typesupport_introspection_c__pyext\x1b[0m\n'}
[4.979859] (camera_event_data_interface) StdoutLine: {'line': b'\x1b[35m\x1b[1mScanning dependencies of target camera_event_data_interface__rosidl_typesupport_c__pyext\x1b[0m\n'}
[4.982251] (camera_event_data_interface) StdoutLine: {'line': b'\x1b[35m\x1b[1mScanning dependencies of target camera_event_data_interface__rosidl_typesupport_fastrtps_c__pyext\x1b[0m\n'}
[5.013683] (-) TimerEvent: {}
[5.022692] (camera_event_data_interface) StdoutLine: {'line': b'[ 83%] \x1b[32mBuilding C object CMakeFiles/camera_event_data_interface__rosidl_typesupport_c__pyext.dir/rosidl_generator_py/camera_event_data_interface/_camera_event_data_interface_s.ep.rosidl_typesupport_c.c.o\x1b[0m\n'}
[5.037410] (camera_event_data_interface) StdoutLine: {'line': b'[ 87%] \x1b[32mBuilding C object CMakeFiles/camera_event_data_interface__rosidl_typesupport_fastrtps_c__pyext.dir/rosidl_generator_py/camera_event_data_interface/_camera_event_data_interface_s.ep.rosidl_typesupport_fastrtps_c.c.o\x1b[0m\n'}
[5.043458] (camera_event_data_interface) StdoutLine: {'line': b'[ 90%] \x1b[32mBuilding C object CMakeFiles/camera_event_data_interface__rosidl_typesupport_introspection_c__pyext.dir/rosidl_generator_py/camera_event_data_interface/_camera_event_data_interface_s.ep.rosidl_typesupport_introspection_c.c.o\x1b[0m\n'}
[5.113801] (-) TimerEvent: {}
[5.155496] (camera_event_data_interface) StdoutLine: {'line': b'[ 93%] \x1b[32m\x1b[1mLinking C shared library rosidl_generator_py/camera_event_data_interface/camera_event_data_interface_s__rosidl_typesupport_c.cpython-38-x86_64-linux-gnu.so\x1b[0m\n'}
[5.162791] (camera_event_data_interface) StdoutLine: {'line': b'[ 96%] \x1b[32m\x1b[1mLinking CXX shared library rosidl_generator_py/camera_event_data_interface/camera_event_data_interface_s__rosidl_typesupport_fastrtps_c.cpython-38-x86_64-linux-gnu.so\x1b[0m\n'}
[5.171564] (camera_event_data_interface) StdoutLine: {'line': b'[100%] \x1b[32m\x1b[1mLinking C shared library rosidl_generator_py/camera_event_data_interface/camera_event_data_interface_s__rosidl_typesupport_introspection_c.cpython-38-x86_64-linux-gnu.so\x1b[0m\n'}
[5.201015] (camera_event_data_interface) StdoutLine: {'line': b'[100%] Built target camera_event_data_interface__rosidl_typesupport_c__pyext\n'}
[5.209968] (camera_event_data_interface) StdoutLine: {'line': b'[100%] Built target camera_event_data_interface__rosidl_typesupport_introspection_c__pyext\n'}
[5.213889] (-) TimerEvent: {}
[5.231371] (camera_event_data_interface) StdoutLine: {'line': b'[100%] Built target camera_event_data_interface__rosidl_typesupport_fastrtps_c__pyext\n'}
[5.241543] (controller_interface) StdoutLine: {'line': b'[ 67%] \x1b[32m\x1b[1mLinking CXX shared library libcontroller_interface__rosidl_typesupport_fastrtps_cpp.so\x1b[0m\n'}
[5.243601] (camera_event_data_interface) CommandEnded: {'returncode': 0}
[5.297145] (camera_event_data_interface) JobProgress: {'identifier': 'camera_event_data_interface', 'progress': 'install'}
[5.309343] (camera_event_data_interface) Command: {'cmd': ['/usr/bin/cmake', '--install', '/home/palinauskas/Documents/fortiss_repo/mujoco-eleanor/ROS2/build/camera_event_data_interface'], 'cwd': '/home/palinauskas/Documents/fortiss_repo/mujoco-eleanor/ROS2/build/camera_event_data_interface', 'env': OrderedDict([('LESSOPEN', '| /usr/bin/lesspipe %s'), ('USER', 'palinauskas'), ('LC_TIME', 'de_DE.UTF-8'), ('SSH_AGENT_PID', '4489'), ('XDG_SESSION_TYPE', 'x11'), ('SHLVL', '1'), ('LD_LIBRARY_PATH', '/opt/ros/galactic/opt/yaml_cpp_vendor/lib:/opt/ros/galactic/opt/rviz_ogre_vendor/lib:/opt/ros/galactic/lib/x86_64-linux-gnu:/opt/ros/galactic/lib:/usr/local/cuda-11.3/lib64:'), ('HOME', '/home/palinauskas'), ('CONDA_SHLVL', '0'), ('OLDPWD', '/home/palinauskas/Documents/fortiss_repo/mujoco-eleanor'), ('DESKTOP_SESSION', 'ubuntu'), ('ROS_PYTHON_VERSION', '3'), ('GNOME_SHELL_SESSION_MODE', 'ubuntu'), ('HOMEBREW_PREFIX', '/home/linuxbrew/.linuxbrew'), ('GTK_MODULES', 'gail:atk-bridge'), ('LC_MONETARY', 'de_DE.UTF-8'), ('MANAGERPID', '4306'), ('DBUS_SESSION_BUS_ADDRESS', 'unix:path=/run/user/1001/bus'), ('COLORTERM', 'truecolor'), ('_CE_M', ''), ('TERMINATOR_DBUS_NAME', 'net.tenshu.Terminator23558193cd9818af7fe4d2c2f5bd9d00f'), ('GIO_LAUNCHED_DESKTOP_FILE_PID', '16299'), ('IM_CONFIG_PHASE', '1'), ('INFOPATH', '/home/linuxbrew/.linuxbrew/share/info:'), ('ROS_DISTRO', 'galactic'), ('LOGNAME', 'palinauskas'), ('JOURNAL_STREAM', '8:52444'), ('_', '/usr/bin/colcon'), ('ROS_VERSION', '2'), ('XDG_SESSION_CLASS', 'user'), ('USERNAME', 'palinauskas'), ('TERM', 'xterm-256color'), ('GNOME_DESKTOP_SESSION_ID', 'this-is-deprecated'), ('_CE_CONDA', ''), ('ROS_LOCALHOST_ONLY', '0'), ('WINDOWPATH', '2'), ('PATH', '/opt/ros/galactic/bin:/usr/local/cuda-11.3/bin:/home/palinauskas/anaconda3/condabin:/home/linuxbrew/.linuxbrew/bin:/home/linuxbrew/.linuxbrew/sbin:/home/palinauskas/.local/bin:/usr/local/sbin:/usr/local/bin:/usr/sbin:/usr/bin:/sbin:/bin:/usr/games:/usr/local/games:/snap/bin'), ('SESSION_MANAGER', 'local/for2745:@/tmp/.ICE-unix/4528,unix/for2745:/tmp/.ICE-unix/4528'), ('INVOCATION_ID', 'd0bf3657d2e84257a0d565114d9b71d5'), ('HOMEBREW_CELLAR', '/home/linuxbrew/.linuxbrew/Cellar'), ('XDG_MENU_PREFIX', 'gnome-'), ('LC_ADDRESS', 'de_DE.UTF-8'), ('XDG_RUNTIME_DIR', '/run/user/1001'), ('DISPLAY', ':1'), ('TERMINATOR_DBUS_PATH', '/net/tenshu/Terminator2'), ('LANG', 'en_US.UTF-8'), ('XDG_CURRENT_DESKTOP', 'ubuntu:GNOME'), ('LC_TELEPHONE', 'de_DE.UTF-8'), ('XMODIFIERS', '@im=ibus'), ('XDG_SESSION_DESKTOP', 'ubuntu'), ('XAUTHORITY', '/run/user/1001/gdm/Xauthority'), ('LS_COLORS', 'rs=0:di=01;34:ln=01;36:mh=00:pi=40;33:so=01;35:do=01;35:bd=40;33;01:cd=40;33;01:or=40;31;01:mi=00:su=37;41:sg=30;43:ca=30;41:tw=30;42:ow=34;42:st=37;44:ex=01;32:*.tar=01;31:*.tgz=01;31:*.arc=01;31:*.arj=01;31:*.taz=01;31:*.lha=01;31:*.lz4=01;31:*.lzh=01;31:*.lzma=01;31:*.tlz=01;31:*.txz=01;31:*.tzo=01;31:*.t7z=01;31:*.zip=01;31:*.z=01;31:*.dz=01;31:*.gz=01;31:*.lrz=01;31:*.lz=01;31:*.lzo=01;31:*.xz=01;31:*.zst=01;31:*.tzst=01;31:*.bz2=01;31:*.bz=01;31:*.tbz=01;31:*.tbz2=01;31:*.tz=01;31:*.deb=01;31:*.rpm=01;31:*.jar=01;31:*.war=01;31:*.ear=01;31:*.sar=01;31:*.rar=01;31:*.alz=01;31:*.ace=01;31:*.zoo=01;31:*.cpio=01;31:*.7z=01;31:*.rz=01;31:*.cab=01;31:*.wim=01;31:*.swm=01;31:*.dwm=01;31:*.esd=01;31:*.jpg=01;35:*.jpeg=01;35:*.mjpg=01;35:*.mjpeg=01;35:*.gif=01;35:*.bmp=01;35:*.pbm=01;35:*.pgm=01;35:*.ppm=01;35:*.tga=01;35:*.xbm=01;35:*.xpm=01;35:*.tif=01;35:*.tiff=01;35:*.png=01;35:*.svg=01;35:*.svgz=01;35:*.mng=01;35:*.pcx=01;35:*.mov=01;35:*.mpg=01;35:*.mpeg=01;35:*.m2v=01;35:*.mkv=01;35:*.webm=01;35:*.ogm=01;35:*.mp4=01;35:*.m4v=01;35:*.mp4v=01;35:*.vob=01;35:*.qt=01;35:*.nuv=01;35:*.wmv=01;35:*.asf=01;35:*.rm=01;35:*.rmvb=01;35:*.flc=01;35:*.avi=01;35:*.fli=01;35:*.flv=01;35:*.gl=01;35:*.dl=01;35:*.xcf=01;35:*.xwd=01;35:*.yuv=01;35:*.cgm=01;35:*.emf=01;35:*.ogv=01;35:*.ogx=01;35:*.aac=00;36:*.au=00;36:*.flac=00;36:*.m4a=00;36:*.mid=00;36:*.midi=00;36:*.mka=00;36:*.mp3=00;36:*.mpc=00;36:*.ogg=00;36:*.ra=00;36:*.wav=00;36:*.oga=00;36:*.opus=00;36:*.spx=00;36:*.xspf=00;36:'), ('SSH_AUTH_SOCK', '/run/user/1001/keyring/ssh'), ('AMENT_PREFIX_PATH', '/opt/ros/galactic'), ('CONDA_PYTHON_EXE', '/home/palinauskas/anaconda3/bin/python'), ('SHELL', '/bin/bash'), ('LC_NAME', 'de_DE.UTF-8'), ('TERMINATOR_UUID', 'urn:uuid:7cd6a82d-e45f-4391-a19a-e3888a80767b'), ('QT_ACCESSIBILITY', '1'), ('GDMSESSION', 'ubuntu'), ('LESSCLOSE', '/usr/bin/lesspipe %s %s'), ('LC_MEASUREMENT', 'de_DE.UTF-8'), ('GPG_AGENT_INFO', '/run/user/1001/gnupg/S.gpg-agent:0:1'), ('LC_IDENTIFICATION', 'de_DE.UTF-8'), ('QT_IM_MODULE', 'ibus'), ('PWD', '/home/palinauskas/Documents/fortiss_repo/mujoco-eleanor/ROS2/build/camera_event_data_interface'), ('LC_ALL', 'en_US.UTF-8'), ('XDG_CONFIG_DIRS', '/etc/xdg/xdg-ubuntu:/etc/xdg'), ('CONDA_EXE', '/home/palinauskas/anaconda3/bin/conda'), ('XDG_DATA_DIRS', '/usr/share/ubuntu:/usr/local/share/:/usr/share/:/var/lib/snapd/desktop'), ('PYTHONPATH', '/opt/ros/galactic/lib/python3.8/site-packages'), ('HOMEBREW_REPOSITORY', '/home/linuxbrew/.linuxbrew/Homebrew'), ('LC_NUMERIC', 'de_DE.UTF-8'), ('LC_PAPER', 'de_DE.UTF-8'), ('COLCON', '1'), ('MANPATH', '/home/linuxbrew/.linuxbrew/share/man:'), ('VTE_VERSION', '6003'), ('CMAKE_PREFIX_PATH', '/opt/ros/galactic')]), 'shell': False}
[5.314012] (controller_interface) StdoutLine: {'line': b'[ 67%] Built target controller_interface__rosidl_typesupport_fastrtps_cpp\n'}
[5.314175] (-) TimerEvent: {}
[5.320607] (camera_event_data_interface) StdoutLine: {'line': b'-- Install configuration: ""\n'}
[5.320796] (camera_event_data_interface) StdoutLine: {'line': b'-- Installing: /home/palinauskas/Documents/fortiss_repo/mujoco-eleanor/ROS2/install/camera_event_data_interface/share/ament_index/resource_index/rosidl_interfaces/camera_event_data_interface\n'}
[5.320931] (camera_event_data_interface) StdoutLine: {'line': b'-- Installing: /home/palinauskas/Documents/fortiss_repo/mujoco-eleanor/ROS2/install/camera_event_data_interface/include/camera_event_data_interface\n'}
[5.321052] (camera_event_data_interface) StdoutLine: {'line': b'-- Installing: /home/palinauskas/Documents/fortiss_repo/mujoco-eleanor/ROS2/install/camera_event_data_interface/include/camera_event_data_interface/msg\n'}
[5.321263] (camera_event_data_interface) StdoutLine: {'line': b'-- Installing: /home/palinauskas/Documents/fortiss_repo/mujoco-eleanor/ROS2/install/camera_event_data_interface/include/camera_event_data_interface/msg/camera_events.h\n'}
[5.321330] (camera_event_data_interface) StdoutLine: {'line': b'-- Installing: /home/palinauskas/Documents/fortiss_repo/mujoco-eleanor/ROS2/install/camera_event_data_interface/include/camera_event_data_interface/msg/detail\n'}
[5.321370] (camera_event_data_interface) StdoutLine: {'line': b'-- Installing: /home/palinauskas/Documents/fortiss_repo/mujoco-eleanor/ROS2/install/camera_event_data_interface/include/camera_event_data_interface/msg/detail/camera_events__functions.h\n'}
[5.321426] (camera_event_data_interface) StdoutLine: {'line': b'-- Installing: /home/palinauskas/Documents/fortiss_repo/mujoco-eleanor/ROS2/install/camera_event_data_interface/include/camera_event_data_interface/msg/detail/camera_events__type_support.h\n'}
[5.321516] (camera_event_data_interface) StdoutLine: {'line': b'-- Installing: /home/palinauskas/Documents/fortiss_repo/mujoco-eleanor/ROS2/install/camera_event_data_interface/include/camera_event_data_interface/msg/detail/camera_events__functions.c\n'}
[5.321640] (camera_event_data_interface) StdoutLine: {'line': b'-- Installing: /home/palinauskas/Documents/fortiss_repo/mujoco-eleanor/ROS2/install/camera_event_data_interface/include/camera_event_data_interface/msg/detail/camera_events__struct.h\n'}
[5.321763] (camera_event_data_interface) StdoutLine: {'line': b'-- Installing: /home/palinauskas/Documents/fortiss_repo/mujoco-eleanor/ROS2/install/camera_event_data_interface/include/camera_event_data_interface/msg/rosidl_generator_c__visibility_control.h\n'}
[5.321950] (camera_event_data_interface) StdoutLine: {'line': b'-- Installing: /home/palinauskas/Documents/fortiss_repo/mujoco-eleanor/ROS2/install/camera_event_data_interface/share/camera_event_data_interface/environment/library_path.sh\n'}
[5.322093] (camera_event_data_interface) StdoutLine: {'line': b'-- Installing: /home/palinauskas/Documents/fortiss_repo/mujoco-eleanor/ROS2/install/camera_event_data_interface/share/camera_event_data_interface/environment/library_path.dsv\n'}
[5.322286] (camera_event_data_interface) StdoutLine: {'line': b'-- Installing: /home/palinauskas/Documents/fortiss_repo/mujoco-eleanor/ROS2/install/camera_event_data_interface/lib/libcamera_event_data_interface__rosidl_generator_c.so\n'}
[5.322627] (camera_event_data_interface) StdoutLine: {'line': b'-- Set runtime path of "/home/palinauskas/Documents/fortiss_repo/mujoco-eleanor/ROS2/install/camera_event_data_interface/lib/libcamera_event_data_interface__rosidl_generator_c.so" to ""\n'}
[5.322697] (camera_event_data_interface) StdoutLine: {'line': b'-- Up-to-date: /home/palinauskas/Documents/fortiss_repo/mujoco-eleanor/ROS2/install/camera_event_data_interface/include/camera_event_data_interface\n'}
[5.322760] (camera_event_data_interface) StdoutLine: {'line': b'-- Up-to-date: /home/palinauskas/Documents/fortiss_repo/mujoco-eleanor/ROS2/install/camera_event_data_interface/include/camera_event_data_interface/msg\n'}
[5.322799] (camera_event_data_interface) StdoutLine: {'line': b'-- Up-to-date: /home/palinauskas/Documents/fortiss_repo/mujoco-eleanor/ROS2/install/camera_event_data_interface/include/camera_event_data_interface/msg/detail\n'}
[5.322844] (camera_event_data_interface) StdoutLine: {'line': b'-- Installing: /home/palinauskas/Documents/fortiss_repo/mujoco-eleanor/ROS2/install/camera_event_data_interface/include/camera_event_data_interface/msg/detail/camera_events__rosidl_typesupport_fastrtps_c.h\n'}
[5.322901] (camera_event_data_interface) StdoutLine: {'line': b'-- Installing: /home/palinauskas/Documents/fortiss_repo/mujoco-eleanor/ROS2/install/camera_event_data_interface/include/camera_event_data_interface/msg/rosidl_typesupport_fastrtps_c__visibility_control.h\n'}
[5.323030] (camera_event_data_interface) StdoutLine: {'line': b'-- Installing: /home/palinauskas/Documents/fortiss_repo/mujoco-eleanor/ROS2/install/camera_event_data_interface/lib/libcamera_event_data_interface__rosidl_typesupport_fastrtps_c.so\n'}
[5.323390] (camera_event_data_interface) StdoutLine: {'line': b'-- Set runtime path of "/home/palinauskas/Documents/fortiss_repo/mujoco-eleanor/ROS2/install/camera_event_data_interface/lib/libcamera_event_data_interface__rosidl_typesupport_fastrtps_c.so" to ""\n'}
[5.323457] (camera_event_data_interface) StdoutLine: {'line': b'-- Up-to-date: /home/palinauskas/Documents/fortiss_repo/mujoco-eleanor/ROS2/install/camera_event_data_interface/include/camera_event_data_interface\n'}
[5.323519] (camera_event_data_interface) StdoutLine: {'line': b'-- Up-to-date: /home/palinauskas/Documents/fortiss_repo/mujoco-eleanor/ROS2/install/camera_event_data_interface/include/camera_event_data_interface/msg\n'}
[5.323559] (camera_event_data_interface) StdoutLine: {'line': b'-- Up-to-date: /home/palinauskas/Documents/fortiss_repo/mujoco-eleanor/ROS2/install/camera_event_data_interface/include/camera_event_data_interface/msg/detail\n'}
[5.323600] (camera_event_data_interface) StdoutLine: {'line': b'-- Installing: /home/palinauskas/Documents/fortiss_repo/mujoco-eleanor/ROS2/install/camera_event_data_interface/include/camera_event_data_interface/msg/detail/camera_events__rosidl_typesupport_fastrtps_cpp.hpp\n'}
[5.323656] (camera_event_data_interface) StdoutLine: {'line': b'-- Installing: /home/palinauskas/Documents/fortiss_repo/mujoco-eleanor/ROS2/install/camera_event_data_interface/include/camera_event_data_interface/msg/detail/dds_fastrtps\n'}
[5.323708] (camera_event_data_interface) StdoutLine: {'line': b'-- Installing: /home/palinauskas/Documents/fortiss_repo/mujoco-eleanor/ROS2/install/camera_event_data_interface/include/camera_event_data_interface/msg/rosidl_typesupport_fastrtps_cpp__visibility_control.h\n'}
[5.323843] (camera_event_data_interface) StdoutLine: {'line': b'-- Installing: /home/palinauskas/Documents/fortiss_repo/mujoco-eleanor/ROS2/install/camera_event_data_interface/lib/libcamera_event_data_interface__rosidl_typesupport_fastrtps_cpp.so\n'}
[5.324248] (camera_event_data_interface) StdoutLine: {'line': b'-- Set runtime path of "/home/palinauskas/Documents/fortiss_repo/mujoco-eleanor/ROS2/install/camera_event_data_interface/lib/libcamera_event_data_interface__rosidl_typesupport_fastrtps_cpp.so" to ""\n'}
[5.324314] (camera_event_data_interface) StdoutLine: {'line': b'-- Up-to-date: /home/palinauskas/Documents/fortiss_repo/mujoco-eleanor/ROS2/install/camera_event_data_interface/include/camera_event_data_interface\n'}
[5.324368] (camera_event_data_interface) StdoutLine: {'line': b'-- Up-to-date: /home/palinauskas/Documents/fortiss_repo/mujoco-eleanor/ROS2/install/camera_event_data_interface/include/camera_event_data_interface/msg\n'}
[5.324407] (camera_event_data_interface) StdoutLine: {'line': b'-- Installing: /home/palinauskas/Documents/fortiss_repo/mujoco-eleanor/ROS2/install/camera_event_data_interface/include/camera_event_data_interface/msg/rosidl_typesupport_introspection_c__visibility_control.h\n'}
[5.324499] (camera_event_data_interface) StdoutLine: {'line': b'-- Up-to-date: /home/palinauskas/Documents/fortiss_repo/mujoco-eleanor/ROS2/install/camera_event_data_interface/include/camera_event_data_interface/msg/detail\n'}
[5.324555] (camera_event_data_interface) StdoutLine: {'line': b'-- Installing: /home/palinauskas/Documents/fortiss_repo/mujoco-eleanor/ROS2/install/camera_event_data_interface/include/camera_event_data_interface/msg/detail/camera_events__type_support.c\n'}
[5.324626] (camera_event_data_interface) StdoutLine: {'line': b'-- Installing: /home/palinauskas/Documents/fortiss_repo/mujoco-eleanor/ROS2/install/camera_event_data_interface/include/camera_event_data_interface/msg/detail/camera_events__rosidl_typesupport_introspection_c.h\n'}
[5.324766] (camera_event_data_interface) StdoutLine: {'line': b'-- Installing: /home/palinauskas/Documents/fortiss_repo/mujoco-eleanor/ROS2/install/camera_event_data_interface/lib/libcamera_event_data_interface__rosidl_typesupport_introspection_c.so\n'}
[5.325091] (camera_event_data_interface) StdoutLine: {'line': b'-- Set runtime path of "/home/palinauskas/Documents/fortiss_repo/mujoco-eleanor/ROS2/install/camera_event_data_interface/lib/libcamera_event_data_interface__rosidl_typesupport_introspection_c.so" to ""\n'}
[5.325184] (camera_event_data_interface) StdoutLine: {'line': b'-- Installing: /home/palinauskas/Documents/fortiss_repo/mujoco-eleanor/ROS2/install/camera_event_data_interface/lib/libcamera_event_data_interface__rosidl_typesupport_c.so\n'}
[5.325460] (camera_event_data_interface) StdoutLine: {'line': b'-- Set runtime path of "/home/palinauskas/Documents/fortiss_repo/mujoco-eleanor/ROS2/install/camera_event_data_interface/lib/libcamera_event_data_interface__rosidl_typesupport_c.so" to ""\n'}
[5.325529] (camera_event_data_interface) StdoutLine: {'line': b'-- Up-to-date: /home/palinauskas/Documents/fortiss_repo/mujoco-eleanor/ROS2/install/camera_event_data_interface/include/camera_event_data_interface\n'}
[5.325606] (camera_event_data_interface) StdoutLine: {'line': b'-- Up-to-date: /home/palinauskas/Documents/fortiss_repo/mujoco-eleanor/ROS2/install/camera_event_data_interface/include/camera_event_data_interface/msg\n'}
[5.325646] (camera_event_data_interface) StdoutLine: {'line': b'-- Up-to-date: /home/palinauskas/Documents/fortiss_repo/mujoco-eleanor/ROS2/install/camera_event_data_interface/include/camera_event_data_interface/msg/detail\n'}
[5.325685] (camera_event_data_interface) StdoutLine: {'line': b'-- Installing: /home/palinauskas/Documents/fortiss_repo/mujoco-eleanor/ROS2/install/camera_event_data_interface/include/camera_event_data_interface/msg/detail/camera_events__traits.hpp\n'}
[5.325736] (camera_event_data_interface) StdoutLine: {'line': b'-- Installing: /home/palinauskas/Documents/fortiss_repo/mujoco-eleanor/ROS2/install/camera_event_data_interface/include/camera_event_data_interface/msg/detail/camera_events__builder.hpp\n'}
[5.325812] (camera_event_data_interface) StdoutLine: {'line': b'-- Installing: /home/palinauskas/Documents/fortiss_repo/mujoco-eleanor/ROS2/install/camera_event_data_interface/include/camera_event_data_interface/msg/detail/camera_events__struct.hpp\n'}
[5.325923] (camera_event_data_interface) StdoutLine: {'line': b'-- Installing: /home/palinauskas/Documents/fortiss_repo/mujoco-eleanor/ROS2/install/camera_event_data_interface/include/camera_event_data_interface/msg/camera_events.hpp\n'}
[5.326062] (camera_event_data_interface) StdoutLine: {'line': b'-- Up-to-date: /home/palinauskas/Documents/fortiss_repo/mujoco-eleanor/ROS2/install/camera_event_data_interface/include/camera_event_data_interface\n'}
[5.326131] (camera_event_data_interface) StdoutLine: {'line': b'-- Up-to-date: /home/palinauskas/Documents/fortiss_repo/mujoco-eleanor/ROS2/install/camera_event_data_interface/include/camera_event_data_interface/msg\n'}
[5.326182] (camera_event_data_interface) StdoutLine: {'line': b'-- Up-to-date: /home/palinauskas/Documents/fortiss_repo/mujoco-eleanor/ROS2/install/camera_event_data_interface/include/camera_event_data_interface/msg/detail\n'}
[5.326222] (camera_event_data_interface) StdoutLine: {'line': b'-- Installing: /home/palinauskas/Documents/fortiss_repo/mujoco-eleanor/ROS2/install/camera_event_data_interface/include/camera_event_data_interface/msg/detail/camera_events__rosidl_typesupport_introspection_cpp.hpp\n'}
[5.326313] (camera_event_data_interface) StdoutLine: {'line': b'-- Installing: /home/palinauskas/Documents/fortiss_repo/mujoco-eleanor/ROS2/install/camera_event_data_interface/include/camera_event_data_interface/msg/detail/camera_events__type_support.cpp\n'}
[5.326357] (controller_interface) StdoutLine: {'line': b'[ 69%] \x1b[34m\x1b[1mGenerating C type support for eProsima Fast-RTPS\x1b[0m\n'}
[5.326470] (camera_event_data_interface) StdoutLine: {'line': b'-- Installing: /home/palinauskas/Documents/fortiss_repo/mujoco-eleanor/ROS2/install/camera_event_data_interface/lib/libcamera_event_data_interface__rosidl_typesupport_introspection_cpp.so\n'}
[5.326861] (camera_event_data_interface) StdoutLine: {'line': b'-- Set runtime path of "/home/palinauskas/Documents/fortiss_repo/mujoco-eleanor/ROS2/install/camera_event_data_interface/lib/libcamera_event_data_interface__rosidl_typesupport_introspection_cpp.so" to ""\n'}
[5.326929] (camera_event_data_interface) StdoutLine: {'line': b'-- Installing: /home/palinauskas/Documents/fortiss_repo/mujoco-eleanor/ROS2/install/camera_event_data_interface/lib/libcamera_event_data_interface__rosidl_typesupport_cpp.so\n'}
[5.327233] (camera_event_data_interface) StdoutLine: {'line': b'-- Set runtime path of "/home/palinauskas/Documents/fortiss_repo/mujoco-eleanor/ROS2/install/camera_event_data_interface/lib/libcamera_event_data_interface__rosidl_typesupport_cpp.so" to ""\n'}
[5.327342] (camera_event_data_interface) StdoutLine: {'line': b'-- Installing: /home/palinauskas/Documents/fortiss_repo/mujoco-eleanor/ROS2/install/camera_event_data_interface/share/camera_event_data_interface/environment/pythonpath.sh\n'}
[5.327420] (camera_event_data_interface) StdoutLine: {'line': b'-- Installing: /home/palinauskas/Documents/fortiss_repo/mujoco-eleanor/ROS2/install/camera_event_data_interface/share/camera_event_data_interface/environment/pythonpath.dsv\n'}
[5.327550] (camera_event_data_interface) StdoutLine: {'line': b'-- Installing: /home/palinauskas/Documents/fortiss_repo/mujoco-eleanor/ROS2/install/camera_event_data_interface/lib/python3.8/site-packages/camera_event_data_interface/__init__.py\n'}
[5.350487] (camera_event_data_interface) StdoutLine: {'line': b"Compiling '/home/palinauskas/Documents/fortiss_repo/mujoco-eleanor/ROS2/install/camera_event_data_interface/lib/python3.8/site-packages/camera_event_data_interface/__init__.py'...\n"}
[5.353418] (camera_event_data_interface) StdoutLine: {'line': b'-- Installing: /home/palinauskas/Documents/fortiss_repo/mujoco-eleanor/ROS2/install/camera_event_data_interface/lib/python3.8/site-packages/camera_event_data_interface/msg\n'}
[5.353618] (camera_event_data_interface) StdoutLine: {'line': b'-- Installing: /home/palinauskas/Documents/fortiss_repo/mujoco-eleanor/ROS2/install/camera_event_data_interface/lib/python3.8/site-packages/camera_event_data_interface/msg/__init__.py\n'}
[5.353718] (camera_event_data_interface) StdoutLine: {'line': b'-- Installing: /home/palinauskas/Documents/fortiss_repo/mujoco-eleanor/ROS2/install/camera_event_data_interface/lib/python3.8/site-packages/camera_event_data_interface/msg/_camera_events_s.c\n'}
[5.353797] (camera_event_data_interface) StdoutLine: {'line': b'-- Installing: /home/palinauskas/Documents/fortiss_repo/mujoco-eleanor/ROS2/install/camera_event_data_interface/lib/python3.8/site-packages/camera_event_data_interface/msg/_camera_events.py\n'}
[5.354082] (camera_event_data_interface) StdoutLine: {'line': b'-- Installing: /home/palinauskas/Documents/fortiss_repo/mujoco-eleanor/ROS2/install/camera_event_data_interface/lib/python3.8/site-packages/camera_event_data_interface/camera_event_data_interface_s__rosidl_typesupport_fastrtps_c.cpython-38-x86_64-linux-gnu.so\n'}
[5.354586] (camera_event_data_interface) StdoutLine: {'line': b'-- Set runtime path of "/home/palinauskas/Documents/fortiss_repo/mujoco-eleanor/ROS2/install/camera_event_data_interface/lib/python3.8/site-packages/camera_event_data_interface/camera_event_data_interface_s__rosidl_typesupport_fastrtps_c.cpython-38-x86_64-linux-gnu.so" to ""\n'}
[5.354753] (camera_event_data_interface) StdoutLine: {'line': b'-- Installing: /home/palinauskas/Documents/fortiss_repo/mujoco-eleanor/ROS2/install/camera_event_data_interface/lib/python3.8/site-packages/camera_event_data_interface/camera_event_data_interface_s__rosidl_typesupport_introspection_c.cpython-38-x86_64-linux-gnu.so\n'}
[5.355258] (camera_event_data_interface) StdoutLine: {'line': b'-- Set runtime path of "/home/palinauskas/Documents/fortiss_repo/mujoco-eleanor/ROS2/install/camera_event_data_interface/lib/python3.8/site-packages/camera_event_data_interface/camera_event_data_interface_s__rosidl_typesupport_introspection_c.cpython-38-x86_64-linux-gnu.so" to ""\n'}
[5.355419] (camera_event_data_interface) StdoutLine: {'line': b'-- Installing: /home/palinauskas/Documents/fortiss_repo/mujoco-eleanor/ROS2/install/camera_event_data_interface/lib/python3.8/site-packages/camera_event_data_interface/camera_event_data_interface_s__rosidl_typesupport_c.cpython-38-x86_64-linux-gnu.so\n'}
[5.355877] (camera_event_data_interface) StdoutLine: {'line': b'-- Set runtime path of "/home/palinauskas/Documents/fortiss_repo/mujoco-eleanor/ROS2/install/camera_event_data_interface/lib/python3.8/site-packages/camera_event_data_interface/camera_event_data_interface_s__rosidl_typesupport_c.cpython-38-x86_64-linux-gnu.so" to ""\n'}
[5.355988] (camera_event_data_interface) StdoutLine: {'line': b'-- Installing: /home/palinauskas/Documents/fortiss_repo/mujoco-eleanor/ROS2/install/camera_event_data_interface/lib/libcamera_event_data_interface__python.so\n'}
[5.356373] (camera_event_data_interface) StdoutLine: {'line': b'-- Set runtime path of "/home/palinauskas/Documents/fortiss_repo/mujoco-eleanor/ROS2/install/camera_event_data_interface/lib/libcamera_event_data_interface__python.so" to ""\n'}
[5.356483] (camera_event_data_interface) StdoutLine: {'line': b'-- Installing: /home/palinauskas/Documents/fortiss_repo/mujoco-eleanor/ROS2/install/camera_event_data_interface/share/camera_event_data_interface/msg/CameraEvents.idl\n'}
[5.356659] (camera_event_data_interface) StdoutLine: {'line': b'-- Installing: /home/palinauskas/Documents/fortiss_repo/mujoco-eleanor/ROS2/install/camera_event_data_interface/share/camera_event_data_interface/msg/CameraEvents.msg\n'}
[5.356875] (camera_event_data_interface) StdoutLine: {'line': b'-- Installing: /home/palinauskas/Documents/fortiss_repo/mujoco-eleanor/ROS2/install/camera_event_data_interface/share/ament_index/resource_index/package_run_dependencies/camera_event_data_interface\n'}
[5.357068] (camera_event_data_interface) StdoutLine: {'line': b'-- Installing: /home/palinauskas/Documents/fortiss_repo/mujoco-eleanor/ROS2/install/camera_event_data_interface/share/ament_index/resource_index/parent_prefix_path/camera_event_data_interface\n'}
[5.357188] (camera_event_data_interface) StdoutLine: {'line': b'-- Installing: /home/palinauskas/Documents/fortiss_repo/mujoco-eleanor/ROS2/install/camera_event_data_interface/share/camera_event_data_interface/environment/ament_prefix_path.sh\n'}
[5.357307] (camera_event_data_interface) StdoutLine: {'line': b'-- Installing: /home/palinauskas/Documents/fortiss_repo/mujoco-eleanor/ROS2/install/camera_event_data_interface/share/camera_event_data_interface/environment/ament_prefix_path.dsv\n'}
[5.357420] (camera_event_data_interface) StdoutLine: {'line': b'-- Installing: /home/palinauskas/Documents/fortiss_repo/mujoco-eleanor/ROS2/install/camera_event_data_interface/share/camera_event_data_interface/environment/path.sh\n'}
[5.357531] (camera_event_data_interface) StdoutLine: {'line': b'-- Installing: /home/palinauskas/Documents/fortiss_repo/mujoco-eleanor/ROS2/install/camera_event_data_interface/share/camera_event_data_interface/environment/path.dsv\n'}
[5.357639] (camera_event_data_interface) StdoutLine: {'line': b'-- Installing: /home/palinauskas/Documents/fortiss_repo/mujoco-eleanor/ROS2/install/camera_event_data_interface/share/camera_event_data_interface/local_setup.bash\n'}
[5.357748] (camera_event_data_interface) StdoutLine: {'line': b'-- Installing: /home/palinauskas/Documents/fortiss_repo/mujoco-eleanor/ROS2/install/camera_event_data_interface/share/camera_event_data_interface/local_setup.sh\n'}
[5.357858] (camera_event_data_interface) StdoutLine: {'line': b'-- Installing: /home/palinauskas/Documents/fortiss_repo/mujoco-eleanor/ROS2/install/camera_event_data_interface/share/camera_event_data_interface/local_setup.zsh\n'}
[5.357964] (camera_event_data_interface) StdoutLine: {'line': b'-- Installing: /home/palinauskas/Documents/fortiss_repo/mujoco-eleanor/ROS2/install/camera_event_data_interface/share/camera_event_data_interface/local_setup.dsv\n'}
[5.358072] (camera_event_data_interface) StdoutLine: {'line': b'-- Installing: /home/palinauskas/Documents/fortiss_repo/mujoco-eleanor/ROS2/install/camera_event_data_interface/share/camera_event_data_interface/package.dsv\n'}
[5.358208] (camera_event_data_interface) StdoutLine: {'line': b'-- Installing: /home/palinauskas/Documents/fortiss_repo/mujoco-eleanor/ROS2/install/camera_event_data_interface/share/ament_index/resource_index/packages/camera_event_data_interface\n'}
[5.358383] (camera_event_data_interface) StdoutLine: {'line': b'-- Installing: /home/palinauskas/Documents/fortiss_repo/mujoco-eleanor/ROS2/install/camera_event_data_interface/share/camera_event_data_interface/cmake/camera_event_data_interface__rosidl_generator_cExport.cmake\n'}
[5.358520] (camera_event_data_interface) StdoutLine: {'line': b'-- Installing: /home/palinauskas/Documents/fortiss_repo/mujoco-eleanor/ROS2/install/camera_event_data_interface/share/camera_event_data_interface/cmake/camera_event_data_interface__rosidl_generator_cExport-noconfig.cmake\n'}
[5.358748] (camera_event_data_interface) StdoutLine: {'line': b'-- Installing: /home/palinauskas/Documents/fortiss_repo/mujoco-eleanor/ROS2/install/camera_event_data_interface/share/camera_event_data_interface/cmake/camera_event_data_interface__rosidl_typesupport_introspection_cExport.cmake\n'}
[5.358862] (camera_event_data_interface) StdoutLine: {'line': b'-- Installing: /home/palinauskas/Documents/fortiss_repo/mujoco-eleanor/ROS2/install/camera_event_data_interface/share/camera_event_data_interface/cmake/camera_event_data_interface__rosidl_typesupport_introspection_cExport-noconfig.cmake\n'}
[5.359025] (camera_event_data_interface) StdoutLine: {'line': b'-- Installing: /home/palinauskas/Documents/fortiss_repo/mujoco-eleanor/ROS2/install/camera_event_data_interface/share/camera_event_data_interface/cmake/camera_event_data_interface__rosidl_typesupport_cExport.cmake\n'}
[5.359140] (camera_event_data_interface) StdoutLine: {'line': b'-- Installing: /home/palinauskas/Documents/fortiss_repo/mujoco-eleanor/ROS2/install/camera_event_data_interface/share/camera_event_data_interface/cmake/camera_event_data_interface__rosidl_typesupport_cExport-noconfig.cmake\n'}
[5.359296] (camera_event_data_interface) StdoutLine: {'line': b'-- Installing: /home/palinauskas/Documents/fortiss_repo/mujoco-eleanor/ROS2/install/camera_event_data_interface/share/camera_event_data_interface/cmake/camera_event_data_interface__rosidl_generator_cppExport.cmake\n'}
[5.359462] (camera_event_data_interface) StdoutLine: {'line': b'-- Installing: /home/palinauskas/Documents/fortiss_repo/mujoco-eleanor/ROS2/install/camera_event_data_interface/share/camera_event_data_interface/cmake/camera_event_data_interface__rosidl_typesupport_introspection_cppExport.cmake\n'}
[5.359577] (camera_event_data_interface) StdoutLine: {'line': b'-- Installing: /home/palinauskas/Documents/fortiss_repo/mujoco-eleanor/ROS2/install/camera_event_data_interface/share/camera_event_data_interface/cmake/camera_event_data_interface__rosidl_typesupport_introspection_cppExport-noconfig.cmake\n'}
[5.359734] (camera_event_data_interface) StdoutLine: {'line': b'-- Installing: /home/palinauskas/Documents/fortiss_repo/mujoco-eleanor/ROS2/install/camera_event_data_interface/share/camera_event_data_interface/cmake/camera_event_data_interface__rosidl_typesupport_cppExport.cmake\n'}
[5.359848] (camera_event_data_interface) StdoutLine: {'line': b'-- Installing: /home/palinauskas/Documents/fortiss_repo/mujoco-eleanor/ROS2/install/camera_event_data_interface/share/camera_event_data_interface/cmake/camera_event_data_interface__rosidl_typesupport_cppExport-noconfig.cmake\n'}
[5.359962] (camera_event_data_interface) StdoutLine: {'line': b'-- Installing: /home/palinauskas/Documents/fortiss_repo/mujoco-eleanor/ROS2/install/camera_event_data_interface/share/camera_event_data_interface/cmake/rosidl_cmake-extras.cmake\n'}
[5.360074] (camera_event_data_interface) StdoutLine: {'line': b'-- Installing: /home/palinauskas/Documents/fortiss_repo/mujoco-eleanor/ROS2/install/camera_event_data_interface/share/camera_event_data_interface/cmake/ament_cmake_export_dependencies-extras.cmake\n'}
[5.360193] (camera_event_data_interface) StdoutLine: {'line': b'-- Installing: /home/palinauskas/Documents/fortiss_repo/mujoco-eleanor/ROS2/install/camera_event_data_interface/share/camera_event_data_interface/cmake/ament_cmake_export_libraries-extras.cmake\n'}
[5.360313] (camera_event_data_interface) StdoutLine: {'line': b'-- Installing: /home/palinauskas/Documents/fortiss_repo/mujoco-eleanor/ROS2/install/camera_event_data_interface/share/camera_event_data_interface/cmake/ament_cmake_export_targets-extras.cmake\n'}
[5.360418] (camera_event_data_interface) StdoutLine: {'line': b'-- Installing: /home/palinauskas/Documents/fortiss_repo/mujoco-eleanor/ROS2/install/camera_event_data_interface/share/camera_event_data_interface/cmake/ament_cmake_export_include_directories-extras.cmake\n'}
[5.360531] (camera_event_data_interface) StdoutLine: {'line': b'-- Installing: /home/palinauskas/Documents/fortiss_repo/mujoco-eleanor/ROS2/install/camera_event_data_interface/share/camera_event_data_interface/cmake/rosidl_cmake_export_typesupport_libraries-extras.cmake\n'}
[5.360642] (camera_event_data_interface) StdoutLine: {'line': b'-- Installing: /home/palinauskas/Documents/fortiss_repo/mujoco-eleanor/ROS2/install/camera_event_data_interface/share/camera_event_data_interface/cmake/rosidl_cmake_export_typesupport_targets-extras.cmake\n'}
[5.360754] (camera_event_data_interface) StdoutLine: {'line': b'-- Installing: /home/palinauskas/Documents/fortiss_repo/mujoco-eleanor/ROS2/install/camera_event_data_interface/share/camera_event_data_interface/cmake/camera_event_data_interfaceConfig.cmake\n'}
[5.360841] (camera_event_data_interface) StdoutLine: {'line': b'-- Installing: /home/palinauskas/Documents/fortiss_repo/mujoco-eleanor/ROS2/install/camera_event_data_interface/share/camera_event_data_interface/cmake/camera_event_data_interfaceConfig-version.cmake\n'}
[5.360949] (camera_event_data_interface) StdoutLine: {'line': b'-- Installing: /home/palinauskas/Documents/fortiss_repo/mujoco-eleanor/ROS2/install/camera_event_data_interface/share/camera_event_data_interface/package.xml\n'}
[5.362803] (camera_event_data_interface) CommandEnded: {'returncode': 0}
[5.414307] (-) TimerEvent: {}
[5.447309] (camera_event_data_interface) JobEnded: {'identifier': 'camera_event_data_interface', 'rc': 0}
[5.514384] (-) TimerEvent: {}
[5.614659] (-) TimerEvent: {}
[5.714944] (-) TimerEvent: {}
[5.815217] (-) TimerEvent: {}
[5.915473] (-) TimerEvent: {}
[5.950907] (controller_interface) StdoutLine: {'line': b'\x1b[35m\x1b[1mScanning dependencies of target controller_interface__rosidl_typesupport_fastrtps_c\x1b[0m\n'}
[5.972803] (controller_interface) StdoutLine: {'line': b'[ 70%] \x1b[32mBuilding CXX object CMakeFiles/controller_interface__rosidl_typesupport_fastrtps_c.dir/rosidl_typesupport_fastrtps_c/controller_interface/action/detail/desired_pose_name__type_support_c.cpp.o\x1b[0m\n'}
[5.973350] (controller_interface) StdoutLine: {'line': b'[ 72%] \x1b[32mBuilding CXX object CMakeFiles/controller_interface__rosidl_typesupport_fastrtps_c.dir/rosidl_typesupport_fastrtps_c/controller_interface/action/detail/desired_pose__type_support_c.cpp.o\x1b[0m\n'}
[5.975936] (controller_interface) StdoutLine: {'line': b'[ 76%] \x1b[32mBuilding CXX object CMakeFiles/controller_interface__rosidl_typesupport_fastrtps_c.dir/rosidl_typesupport_fastrtps_c/controller_interface/action/detail/saccades__type_support_c.cpp.o\x1b[0m\n'}
[5.976110] (controller_interface) StdoutLine: {'line': b'[ 76%] \x1b[32mBuilding CXX object CMakeFiles/controller_interface__rosidl_typesupport_fastrtps_c.dir/rosidl_typesupport_fastrtps_c/controller_interface/action/detail/saccades2__type_support_c.cpp.o\x1b[0m\n'}
[6.015585] (-) TimerEvent: {}
[6.116027] (-) TimerEvent: {}
[6.216392] (-) TimerEvent: {}
[6.282322] (controller_interface) StdoutLine: {'line': b'[ 78%] \x1b[32m\x1b[1mLinking CXX shared library libcontroller_interface__rosidl_typesupport_fastrtps_c.so\x1b[0m\n'}
[6.316502] (-) TimerEvent: {}
[6.352601] (controller_interface) StdoutLine: {'line': b'[ 78%] Built target controller_interface__rosidl_typesupport_fastrtps_c\n'}
[6.363498] (controller_interface) StdoutLine: {'line': b'\x1b[35m\x1b[1mScanning dependencies of target controller_interface\x1b[0m\n'}
[6.374716] (controller_interface) StdoutLine: {'line': b'[ 78%] Built target controller_interface\n'}
[6.384929] (controller_interface) StdoutLine: {'line': b'\x1b[35m\x1b[1mScanning dependencies of target controller_interface__py\x1b[0m\n'}
[6.396000] (controller_interface) StdoutLine: {'line': b'[ 80%] \x1b[34m\x1b[1mGenerating Python code for ROS interfaces\x1b[0m\n'}
[6.416604] (-) TimerEvent: {}
[6.516981] (-) TimerEvent: {}
[6.617206] (-) TimerEvent: {}
[6.717568] (-) TimerEvent: {}
[6.817903] (-) TimerEvent: {}
[6.918165] (-) TimerEvent: {}
[7.018456] (-) TimerEvent: {}
[7.118769] (-) TimerEvent: {}
[7.219087] (-) TimerEvent: {}
[7.319397] (-) TimerEvent: {}
[7.419706] (-) TimerEvent: {}
[7.520009] (-) TimerEvent: {}
[7.620327] (-) TimerEvent: {}
[7.720648] (-) TimerEvent: {}
[7.820962] (-) TimerEvent: {}
[7.905388] (controller_interface) StdoutLine: {'line': b'[ 80%] Built target controller_interface__py\n'}
[7.916741] (controller_interface) StdoutLine: {'line': b'\x1b[35m\x1b[1mScanning dependencies of target controller_interface__python\x1b[0m\n'}
[7.921139] (-) TimerEvent: {}
[7.939212] (controller_interface) StdoutLine: {'line': b'[ 81%] \x1b[32mBuilding C object CMakeFiles/controller_interface__python.dir/rosidl_generator_py/controller_interface/action/_desired_pose_s.c.o\x1b[0m\n'}
[7.941163] (controller_interface) StdoutLine: {'line': b'[ 85%] \x1b[32mBuilding C object CMakeFiles/controller_interface__python.dir/rosidl_generator_py/controller_interface/action/_desired_pose_name_s.c.o\x1b[0m\n'}
[7.941346] (controller_interface) StdoutLine: {'line': b'[ 85%] \x1b[32mBuilding C object CMakeFiles/controller_interface__python.dir/rosidl_generator_py/controller_interface/action/_saccades2_s.c.o\x1b[0m\n'}
[7.941457] (controller_interface) StdoutLine: {'line': b'[ 87%] \x1b[32mBuilding C object CMakeFiles/controller_interface__python.dir/rosidl_generator_py/controller_interface/action/_saccades_s.c.o\x1b[0m\n'}
[8.021272] (-) TimerEvent: {}
[8.072196] (controller_interface) StdoutLine: {'line': b'[ 89%] \x1b[32m\x1b[1mLinking C shared library rosidl_generator_py/controller_interface/libcontroller_interface__python.so\x1b[0m\n'}
[8.112386] (controller_interface) StdoutLine: {'line': b'[ 89%] Built target controller_interface__python\n'}
[8.121372] (-) TimerEvent: {}
[8.123498] (controller_interface) StdoutLine: {'line': b'\x1b[35m\x1b[1mScanning dependencies of target controller_interface__rosidl_typesupport_introspection_c__pyext\x1b[0m\n'}
[8.123690] (controller_interface) StdoutLine: {'line': b'\x1b[35m\x1b[1mScanning dependencies of target controller_interface__rosidl_typesupport_c__pyext\x1b[0m\n'}
[8.124749] (controller_interface) StdoutLine: {'line': b'\x1b[35m\x1b[1mScanning dependencies of target controller_interface__rosidl_typesupport_fastrtps_c__pyext\x1b[0m\n'}
[8.143220] (controller_interface) StdoutLine: {'line': b'[ 90%] \x1b[32mBuilding C object CMakeFiles/controller_interface__rosidl_typesupport_introspection_c__pyext.dir/rosidl_generator_py/controller_interface/_controller_interface_s.ep.rosidl_typesupport_introspection_c.c.o\x1b[0m\n'}
[8.144364] (controller_interface) StdoutLine: {'line': b'[ 92%] \x1b[32mBuilding C object CMakeFiles/controller_interface__rosidl_typesupport_fastrtps_c__pyext.dir/rosidl_generator_py/controller_interface/_controller_interface_s.ep.rosidl_typesupport_fastrtps_c.c.o\x1b[0m\n'}
[8.146847] (controller_interface) StdoutLine: {'line': b'[ 94%] \x1b[32mBuilding C object CMakeFiles/controller_interface__rosidl_typesupport_c__pyext.dir/rosidl_generator_py/controller_interface/_controller_interface_s.ep.rosidl_typesupport_c.c.o\x1b[0m\n'}
[8.221498] (-) TimerEvent: {}
[8.276875] (controller_interface) StdoutLine: {'line': b'[ 98%] \x1b[32m\x1b[1mLinking CXX shared library rosidl_generator_py/controller_interface/controller_interface_s__rosidl_typesupport_fastrtps_c.cpython-38-x86_64-linux-gnu.so\x1b[0m\n'}
[8.277106] (controller_interface) StdoutLine: {'line': b'[ 98%] \x1b[32m\x1b[1mLinking C shared library rosidl_generator_py/controller_interface/controller_interface_s__rosidl_typesupport_c.cpython-38-x86_64-linux-gnu.so\x1b[0m\n'}
[8.284697] (controller_interface) StdoutLine: {'line': b'[100%] \x1b[32m\x1b[1mLinking C shared library rosidl_generator_py/controller_interface/controller_interface_s__rosidl_typesupport_introspection_c.cpython-38-x86_64-linux-gnu.so\x1b[0m\n'}
[8.314742] (controller_interface) StdoutLine: {'line': b'[100%] Built target controller_interface__rosidl_typesupport_c__pyext\n'}
[8.321597] (-) TimerEvent: {}
[8.323976] (controller_interface) StdoutLine: {'line': b'[100%] Built target controller_interface__rosidl_typesupport_introspection_c__pyext\n'}
[8.336721] (controller_interface) StdoutLine: {'line': b'[100%] Built target controller_interface__rosidl_typesupport_fastrtps_c__pyext\n'}
[8.349257] (controller_interface) CommandEnded: {'returncode': 0}
[8.421708] (-) TimerEvent: {}
[8.448310] (controller_interface) JobProgress: {'identifier': 'controller_interface', 'progress': 'install'}
[8.448572] (controller_interface) Command: {'cmd': ['/usr/bin/cmake', '--install', '/home/palinauskas/Documents/fortiss_repo/mujoco-eleanor/ROS2/build/controller_interface'], 'cwd': '/home/palinauskas/Documents/fortiss_repo/mujoco-eleanor/ROS2/build/controller_interface', 'env': OrderedDict([('LESSOPEN', '| /usr/bin/lesspipe %s'), ('USER', 'palinauskas'), ('LC_TIME', 'de_DE.UTF-8'), ('SSH_AGENT_PID', '4489'), ('XDG_SESSION_TYPE', 'x11'), ('SHLVL', '1'), ('LD_LIBRARY_PATH', '/opt/ros/galactic/opt/yaml_cpp_vendor/lib:/opt/ros/galactic/opt/rviz_ogre_vendor/lib:/opt/ros/galactic/lib/x86_64-linux-gnu:/opt/ros/galactic/lib:/usr/local/cuda-11.3/lib64:'), ('HOME', '/home/palinauskas'), ('CONDA_SHLVL', '0'), ('OLDPWD', '/home/palinauskas/Documents/fortiss_repo/mujoco-eleanor'), ('DESKTOP_SESSION', 'ubuntu'), ('ROS_PYTHON_VERSION', '3'), ('GNOME_SHELL_SESSION_MODE', 'ubuntu'), ('HOMEBREW_PREFIX', '/home/linuxbrew/.linuxbrew'), ('GTK_MODULES', 'gail:atk-bridge'), ('LC_MONETARY', 'de_DE.UTF-8'), ('MANAGERPID', '4306'), ('DBUS_SESSION_BUS_ADDRESS', 'unix:path=/run/user/1001/bus'), ('COLORTERM', 'truecolor'), ('_CE_M', ''), ('TERMINATOR_DBUS_NAME', 'net.tenshu.Terminator23558193cd9818af7fe4d2c2f5bd9d00f'), ('GIO_LAUNCHED_DESKTOP_FILE_PID', '16299'), ('IM_CONFIG_PHASE', '1'), ('INFOPATH', '/home/linuxbrew/.linuxbrew/share/info:'), ('ROS_DISTRO', 'galactic'), ('LOGNAME', 'palinauskas'), ('JOURNAL_STREAM', '8:52444'), ('_', '/usr/bin/colcon'), ('ROS_VERSION', '2'), ('XDG_SESSION_CLASS', 'user'), ('USERNAME', 'palinauskas'), ('TERM', 'xterm-256color'), ('GNOME_DESKTOP_SESSION_ID', 'this-is-deprecated'), ('_CE_CONDA', ''), ('ROS_LOCALHOST_ONLY', '0'), ('WINDOWPATH', '2'), ('PATH', '/opt/ros/galactic/bin:/usr/local/cuda-11.3/bin:/home/palinauskas/anaconda3/condabin:/home/linuxbrew/.linuxbrew/bin:/home/linuxbrew/.linuxbrew/sbin:/home/palinauskas/.local/bin:/usr/local/sbin:/usr/local/bin:/usr/sbin:/usr/bin:/sbin:/bin:/usr/games:/usr/local/games:/snap/bin'), ('SESSION_MANAGER', 'local/for2745:@/tmp/.ICE-unix/4528,unix/for2745:/tmp/.ICE-unix/4528'), ('INVOCATION_ID', 'd0bf3657d2e84257a0d565114d9b71d5'), ('HOMEBREW_CELLAR', '/home/linuxbrew/.linuxbrew/Cellar'), ('XDG_MENU_PREFIX', 'gnome-'), ('LC_ADDRESS', 'de_DE.UTF-8'), ('XDG_RUNTIME_DIR', '/run/user/1001'), ('DISPLAY', ':1'), ('TERMINATOR_DBUS_PATH', '/net/tenshu/Terminator2'), ('LANG', 'en_US.UTF-8'), ('XDG_CURRENT_DESKTOP', 'ubuntu:GNOME'), ('LC_TELEPHONE', 'de_DE.UTF-8'), ('XMODIFIERS', '@im=ibus'), ('XDG_SESSION_DESKTOP', 'ubuntu'), ('XAUTHORITY', '/run/user/1001/gdm/Xauthority'), ('LS_COLORS', 'rs=0:di=01;34:ln=01;36:mh=00:pi=40;33:so=01;35:do=01;35:bd=40;33;01:cd=40;33;01:or=40;31;01:mi=00:su=37;41:sg=30;43:ca=30;41:tw=30;42:ow=34;42:st=37;44:ex=01;32:*.tar=01;31:*.tgz=01;31:*.arc=01;31:*.arj=01;31:*.taz=01;31:*.lha=01;31:*.lz4=01;31:*.lzh=01;31:*.lzma=01;31:*.tlz=01;31:*.txz=01;31:*.tzo=01;31:*.t7z=01;31:*.zip=01;31:*.z=01;31:*.dz=01;31:*.gz=01;31:*.lrz=01;31:*.lz=01;31:*.lzo=01;31:*.xz=01;31:*.zst=01;31:*.tzst=01;31:*.bz2=01;31:*.bz=01;31:*.tbz=01;31:*.tbz2=01;31:*.tz=01;31:*.deb=01;31:*.rpm=01;31:*.jar=01;31:*.war=01;31:*.ear=01;31:*.sar=01;31:*.rar=01;31:*.alz=01;31:*.ace=01;31:*.zoo=01;31:*.cpio=01;31:*.7z=01;31:*.rz=01;31:*.cab=01;31:*.wim=01;31:*.swm=01;31:*.dwm=01;31:*.esd=01;31:*.jpg=01;35:*.jpeg=01;35:*.mjpg=01;35:*.mjpeg=01;35:*.gif=01;35:*.bmp=01;35:*.pbm=01;35:*.pgm=01;35:*.ppm=01;35:*.tga=01;35:*.xbm=01;35:*.xpm=01;35:*.tif=01;35:*.tiff=01;35:*.png=01;35:*.svg=01;35:*.svgz=01;35:*.mng=01;35:*.pcx=01;35:*.mov=01;35:*.mpg=01;35:*.mpeg=01;35:*.m2v=01;35:*.mkv=01;35:*.webm=01;35:*.ogm=01;35:*.mp4=01;35:*.m4v=01;35:*.mp4v=01;35:*.vob=01;35:*.qt=01;35:*.nuv=01;35:*.wmv=01;35:*.asf=01;35:*.rm=01;35:*.rmvb=01;35:*.flc=01;35:*.avi=01;35:*.fli=01;35:*.flv=01;35:*.gl=01;35:*.dl=01;35:*.xcf=01;35:*.xwd=01;35:*.yuv=01;35:*.cgm=01;35:*.emf=01;35:*.ogv=01;35:*.ogx=01;35:*.aac=00;36:*.au=00;36:*.flac=00;36:*.m4a=00;36:*.mid=00;36:*.midi=00;36:*.mka=00;36:*.mp3=00;36:*.mpc=00;36:*.ogg=00;36:*.ra=00;36:*.wav=00;36:*.oga=00;36:*.opus=00;36:*.spx=00;36:*.xspf=00;36:'), ('SSH_AUTH_SOCK', '/run/user/1001/keyring/ssh'), ('AMENT_PREFIX_PATH', '/opt/ros/galactic'), ('CONDA_PYTHON_EXE', '/home/palinauskas/anaconda3/bin/python'), ('SHELL', '/bin/bash'), ('LC_NAME', 'de_DE.UTF-8'), ('TERMINATOR_UUID', 'urn:uuid:7cd6a82d-e45f-4391-a19a-e3888a80767b'), ('QT_ACCESSIBILITY', '1'), ('GDMSESSION', 'ubuntu'), ('LESSCLOSE', '/usr/bin/lesspipe %s %s'), ('LC_MEASUREMENT', 'de_DE.UTF-8'), ('GPG_AGENT_INFO', '/run/user/1001/gnupg/S.gpg-agent:0:1'), ('LC_IDENTIFICATION', 'de_DE.UTF-8'), ('QT_IM_MODULE', 'ibus'), ('PWD', '/home/palinauskas/Documents/fortiss_repo/mujoco-eleanor/ROS2/build/controller_interface'), ('LC_ALL', 'en_US.UTF-8'), ('XDG_CONFIG_DIRS', '/etc/xdg/xdg-ubuntu:/etc/xdg'), ('CONDA_EXE', '/home/palinauskas/anaconda3/bin/conda'), ('XDG_DATA_DIRS', '/usr/share/ubuntu:/usr/local/share/:/usr/share/:/var/lib/snapd/desktop'), ('PYTHONPATH', '/opt/ros/galactic/lib/python3.8/site-packages'), ('HOMEBREW_REPOSITORY', '/home/linuxbrew/.linuxbrew/Homebrew'), ('LC_NUMERIC', 'de_DE.UTF-8'), ('LC_PAPER', 'de_DE.UTF-8'), ('COLCON', '1'), ('MANPATH', '/home/linuxbrew/.linuxbrew/share/man:'), ('VTE_VERSION', '6003'), ('CMAKE_PREFIX_PATH', '/opt/ros/galactic')]), 'shell': False}
[8.459945] (controller_interface) StdoutLine: {'line': b'-- Install configuration: ""\n'}
[8.460119] (controller_interface) StdoutLine: {'line': b'-- Installing: /home/palinauskas/Documents/fortiss_repo/mujoco-eleanor/ROS2/install/controller_interface/share/ament_index/resource_index/rosidl_interfaces/controller_interface\n'}
[8.460197] (controller_interface) StdoutLine: {'line': b'-- Installing: /home/palinauskas/Documents/fortiss_repo/mujoco-eleanor/ROS2/install/controller_interface/include/controller_interface\n'}
[8.460260] (controller_interface) StdoutLine: {'line': b'-- Installing: /home/palinauskas/Documents/fortiss_repo/mujoco-eleanor/ROS2/install/controller_interface/include/controller_interface/msg\n'}
[8.460319] (controller_interface) StdoutLine: {'line': b'-- Installing: /home/palinauskas/Documents/fortiss_repo/mujoco-eleanor/ROS2/install/controller_interface/include/controller_interface/msg/rosidl_generator_c__visibility_control.h\n'}
[8.460383] (controller_interface) StdoutLine: {'line': b'-- Installing: /home/palinauskas/Documents/fortiss_repo/mujoco-eleanor/ROS2/install/controller_interface/include/controller_interface/action\n'}
[8.460448] (controller_interface) StdoutLine: {'line': b'-- Installing: /home/palinauskas/Documents/fortiss_repo/mujoco-eleanor/ROS2/install/controller_interface/include/controller_interface/action/saccades.h\n'}
[8.460514] (controller_interface) StdoutLine: {'line': b'-- Installing: /home/palinauskas/Documents/fortiss_repo/mujoco-eleanor/ROS2/install/controller_interface/include/controller_interface/action/desired_pose.h\n'}
[8.460597] (controller_interface) StdoutLine: {'line': b'-- Installing: /home/palinauskas/Documents/fortiss_repo/mujoco-eleanor/ROS2/install/controller_interface/include/controller_interface/action/desired_pose_name.h\n'}
[8.460679] (controller_interface) StdoutLine: {'line': b'-- Installing: /home/palinauskas/Documents/fortiss_repo/mujoco-eleanor/ROS2/install/controller_interface/include/controller_interface/action/detail\n'}
[8.460745] (controller_interface) StdoutLine: {'line': b'-- Installing: /home/palinauskas/Documents/fortiss_repo/mujoco-eleanor/ROS2/install/controller_interface/include/controller_interface/action/detail/desired_pose_name__type_support.h\n'}
[8.460824] (controller_interface) StdoutLine: {'line': b'-- Installing: /home/palinauskas/Documents/fortiss_repo/mujoco-eleanor/ROS2/install/controller_interface/include/controller_interface/action/detail/desired_pose_name__functions.c\n'}
[8.460950] (controller_interface) StdoutLine: {'line': b'-- Installing: /home/palinauskas/Documents/fortiss_repo/mujoco-eleanor/ROS2/install/controller_interface/include/controller_interface/action/detail/saccades2__type_support.h\n'}
[8.461177] (controller_interface) StdoutLine: {'line': b'-- Installing: /home/palinauskas/Documents/fortiss_repo/mujoco-eleanor/ROS2/install/controller_interface/include/controller_interface/action/detail/saccades__functions.h\n'}
[8.461317] (controller_interface) StdoutLine: {'line': b'-- Installing: /home/palinauskas/Documents/fortiss_repo/mujoco-eleanor/ROS2/install/controller_interface/include/controller_interface/action/detail/saccades2__functions.c\n'}
[8.461450] (controller_interface) StdoutLine: {'line': b'-- Installing: /home/palinauskas/Documents/fortiss_repo/mujoco-eleanor/ROS2/install/controller_interface/include/controller_interface/action/detail/saccades__type_support.h\n'}
[8.461535] (controller_interface) StdoutLine: {'line': b'-- Installing: /home/palinauskas/Documents/fortiss_repo/mujoco-eleanor/ROS2/install/controller_interface/include/controller_interface/action/detail/saccades__struct.h\n'}
[8.461624] (controller_interface) StdoutLine: {'line': b'-- Installing: /home/palinauskas/Documents/fortiss_repo/mujoco-eleanor/ROS2/install/controller_interface/include/controller_interface/action/detail/desired_pose_name__struct.h\n'}
[8.461711] (controller_interface) StdoutLine: {'line': b'-- Installing: /home/palinauskas/Documents/fortiss_repo/mujoco-eleanor/ROS2/install/controller_interface/include/controller_interface/action/detail/desired_pose__functions.h\n'}
[8.461830] (controller_interface) StdoutLine: {'line': b'-- Installing: /home/palinauskas/Documents/fortiss_repo/mujoco-eleanor/ROS2/install/controller_interface/include/controller_interface/action/detail/saccades__functions.c\n'}
[8.461948] (controller_interface) StdoutLine: {'line': b'-- Installing: /home/palinauskas/Documents/fortiss_repo/mujoco-eleanor/ROS2/install/controller_interface/include/controller_interface/action/detail/saccades2__struct.h\n'}
[8.462035] (controller_interface) StdoutLine: {'line': b'-- Installing: /home/palinauskas/Documents/fortiss_repo/mujoco-eleanor/ROS2/install/controller_interface/include/controller_interface/action/detail/desired_pose__struct.h\n'}
[8.462125] (controller_interface) StdoutLine: {'line': b'-- Installing: /home/palinauskas/Documents/fortiss_repo/mujoco-eleanor/ROS2/install/controller_interface/include/controller_interface/action/detail/desired_pose__functions.c\n'}
[8.462245] (controller_interface) StdoutLine: {'line': b'-- Installing: /home/palinauskas/Documents/fortiss_repo/mujoco-eleanor/ROS2/install/controller_interface/include/controller_interface/action/detail/saccades2__functions.h\n'}
[8.462363] (controller_interface) StdoutLine: {'line': b'-- Installing: /home/palinauskas/Documents/fortiss_repo/mujoco-eleanor/ROS2/install/controller_interface/include/controller_interface/action/detail/desired_pose_name__functions.h\n'}
[8.462482] (controller_interface) StdoutLine: {'line': b'-- Installing: /home/palinauskas/Documents/fortiss_repo/mujoco-eleanor/ROS2/install/controller_interface/include/controller_interface/action/detail/desired_pose__type_support.h\n'}
[8.462571] (controller_interface) StdoutLine: {'line': b'-- Installing: /home/palinauskas/Documents/fortiss_repo/mujoco-eleanor/ROS2/install/controller_interface/include/controller_interface/action/saccades2.h\n'}
[8.462743] (controller_interface) StdoutLine: {'line': b'-- Installing: /home/palinauskas/Documents/fortiss_repo/mujoco-eleanor/ROS2/install/controller_interface/share/controller_interface/environment/library_path.sh\n'}
[8.462867] (controller_interface) StdoutLine: {'line': b'-- Installing: /home/palinauskas/Documents/fortiss_repo/mujoco-eleanor/ROS2/install/controller_interface/share/controller_interface/environment/library_path.dsv\n'}
[8.463038] (controller_interface) StdoutLine: {'line': b'-- Installing: /home/palinauskas/Documents/fortiss_repo/mujoco-eleanor/ROS2/install/controller_interface/lib/libcontroller_interface__rosidl_generator_c.so\n'}
[8.463464] (controller_interface) StdoutLine: {'line': b'-- Set runtime path of "/home/palinauskas/Documents/fortiss_repo/mujoco-eleanor/ROS2/install/controller_interface/lib/libcontroller_interface__rosidl_generator_c.so" to ""\n'}
[8.463533] (controller_interface) StdoutLine: {'line': b'-- Up-to-date: /home/palinauskas/Documents/fortiss_repo/mujoco-eleanor/ROS2/install/controller_interface/include/controller_interface\n'}
[8.463587] (controller_interface) StdoutLine: {'line': b'-- Up-to-date: /home/palinauskas/Documents/fortiss_repo/mujoco-eleanor/ROS2/install/controller_interface/include/controller_interface/msg\n'}
[8.463628] (controller_interface) StdoutLine: {'line': b'-- Installing: /home/palinauskas/Documents/fortiss_repo/mujoco-eleanor/ROS2/install/controller_interface/include/controller_interface/msg/rosidl_typesupport_fastrtps_c__visibility_control.h\n'}
[8.463708] (controller_interface) StdoutLine: {'line': b'-- Up-to-date: /home/palinauskas/Documents/fortiss_repo/mujoco-eleanor/ROS2/install/controller_interface/include/controller_interface/action\n'}
[8.463748] (controller_interface) StdoutLine: {'line': b'-- Up-to-date: /home/palinauskas/Documents/fortiss_repo/mujoco-eleanor/ROS2/install/controller_interface/include/controller_interface/action/detail\n'}
[8.463803] (controller_interface) StdoutLine: {'line': b'-- Installing: /home/palinauskas/Documents/fortiss_repo/mujoco-eleanor/ROS2/install/controller_interface/include/controller_interface/action/detail/saccades__rosidl_typesupport_fastrtps_c.h\n'}
[8.463844] (controller_interface) StdoutLine: {'line': b'-- Installing: /home/palinauskas/Documents/fortiss_repo/mujoco-eleanor/ROS2/install/controller_interface/include/controller_interface/action/detail/saccades2__rosidl_typesupport_fastrtps_c.h\n'}
[8.463899] (controller_interface) StdoutLine: {'line': b'-- Installing: /home/palinauskas/Documents/fortiss_repo/mujoco-eleanor/ROS2/install/controller_interface/include/controller_interface/action/detail/desired_pose__rosidl_typesupport_fastrtps_c.h\n'}
[8.463973] (controller_interface) StdoutLine: {'line': b'-- Installing: /home/palinauskas/Documents/fortiss_repo/mujoco-eleanor/ROS2/install/controller_interface/include/controller_interface/action/detail/desired_pose_name__rosidl_typesupport_fastrtps_c.h\n'}
[8.464135] (controller_interface) StdoutLine: {'line': b'-- Installing: /home/palinauskas/Documents/fortiss_repo/mujoco-eleanor/ROS2/install/controller_interface/lib/libcontroller_interface__rosidl_typesupport_fastrtps_c.so\n'}
[8.464534] (controller_interface) StdoutLine: {'line': b'-- Set runtime path of "/home/palinauskas/Documents/fortiss_repo/mujoco-eleanor/ROS2/install/controller_interface/lib/libcontroller_interface__rosidl_typesupport_fastrtps_c.so" to ""\n'}
[8.464605] (controller_interface) StdoutLine: {'line': b'-- Up-to-date: /home/palinauskas/Documents/fortiss_repo/mujoco-eleanor/ROS2/install/controller_interface/include/controller_interface\n'}
[8.464658] (controller_interface) StdoutLine: {'line': b'-- Up-to-date: /home/palinauskas/Documents/fortiss_repo/mujoco-eleanor/ROS2/install/controller_interface/include/controller_interface/msg\n'}
[8.464717] (controller_interface) StdoutLine: {'line': b'-- Installing: /home/palinauskas/Documents/fortiss_repo/mujoco-eleanor/ROS2/install/controller_interface/include/controller_interface/msg/rosidl_typesupport_fastrtps_cpp__visibility_control.h\n'}
[8.464784] (controller_interface) StdoutLine: {'line': b'-- Up-to-date: /home/palinauskas/Documents/fortiss_repo/mujoco-eleanor/ROS2/install/controller_interface/include/controller_interface/action\n'}
[8.464824] (controller_interface) StdoutLine: {'line': b'-- Up-to-date: /home/palinauskas/Documents/fortiss_repo/mujoco-eleanor/ROS2/install/controller_interface/include/controller_interface/action/detail\n'}
[8.464878] (controller_interface) StdoutLine: {'line': b'-- Installing: /home/palinauskas/Documents/fortiss_repo/mujoco-eleanor/ROS2/install/controller_interface/include/controller_interface/action/detail/desired_pose_name__rosidl_typesupport_fastrtps_cpp.hpp\n'}
[8.464918] (controller_interface) StdoutLine: {'line': b'-- Installing: /home/palinauskas/Documents/fortiss_repo/mujoco-eleanor/ROS2/install/controller_interface/include/controller_interface/action/detail/desired_pose__rosidl_typesupport_fastrtps_cpp.hpp\n'}
[8.464974] (controller_interface) StdoutLine: {'line': b'-- Installing: /home/palinauskas/Documents/fortiss_repo/mujoco-eleanor/ROS2/install/controller_interface/include/controller_interface/action/detail/saccades__rosidl_typesupport_fastrtps_cpp.hpp\n'}
[8.465058] (controller_interface) StdoutLine: {'line': b'-- Installing: /home/palinauskas/Documents/fortiss_repo/mujoco-eleanor/ROS2/install/controller_interface/include/controller_interface/action/detail/saccades2__rosidl_typesupport_fastrtps_cpp.hpp\n'}
[8.465155] (controller_interface) StdoutLine: {'line': b'-- Installing: /home/palinauskas/Documents/fortiss_repo/mujoco-eleanor/ROS2/install/controller_interface/include/controller_interface/action/detail/dds_fastrtps\n'}
[8.465281] (controller_interface) StdoutLine: {'line': b'-- Installing: /home/palinauskas/Documents/fortiss_repo/mujoco-eleanor/ROS2/install/controller_interface/lib/libcontroller_interface__rosidl_typesupport_fastrtps_cpp.so\n'}
[8.465729] (controller_interface) StdoutLine: {'line': b'-- Set runtime path of "/home/palinauskas/Documents/fortiss_repo/mujoco-eleanor/ROS2/install/controller_interface/lib/libcontroller_interface__rosidl_typesupport_fastrtps_cpp.so" to ""\n'}
[8.465802] (controller_interface) StdoutLine: {'line': b'-- Up-to-date: /home/palinauskas/Documents/fortiss_repo/mujoco-eleanor/ROS2/install/controller_interface/include/controller_interface\n'}
[8.465855] (controller_interface) StdoutLine: {'line': b'-- Up-to-date: /home/palinauskas/Documents/fortiss_repo/mujoco-eleanor/ROS2/install/controller_interface/include/controller_interface/msg\n'}
[8.465913] (controller_interface) StdoutLine: {'line': b'-- Installing: /home/palinauskas/Documents/fortiss_repo/mujoco-eleanor/ROS2/install/controller_interface/include/controller_interface/msg/rosidl_typesupport_introspection_c__visibility_control.h\n'}
[8.465979] (controller_interface) StdoutLine: {'line': b'-- Up-to-date: /home/palinauskas/Documents/fortiss_repo/mujoco-eleanor/ROS2/install/controller_interface/include/controller_interface/action\n'}
[8.466017] (controller_interface) StdoutLine: {'line': b'-- Up-to-date: /home/palinauskas/Documents/fortiss_repo/mujoco-eleanor/ROS2/install/controller_interface/include/controller_interface/action/detail\n'}
[8.466072] (controller_interface) StdoutLine: {'line': b'-- Installing: /home/palinauskas/Documents/fortiss_repo/mujoco-eleanor/ROS2/install/controller_interface/include/controller_interface/action/detail/desired_pose_name__rosidl_typesupport_introspection_c.h\n'}
[8.466111] (controller_interface) StdoutLine: {'line': b'-- Installing: /home/palinauskas/Documents/fortiss_repo/mujoco-eleanor/ROS2/install/controller_interface/include/controller_interface/action/detail/saccades__rosidl_typesupport_introspection_c.h\n'}
[8.466168] (controller_interface) StdoutLine: {'line': b'-- Installing: /home/palinauskas/Documents/fortiss_repo/mujoco-eleanor/ROS2/install/controller_interface/include/controller_interface/action/detail/saccades2__rosidl_typesupport_introspection_c.h\n'}
[8.466228] (controller_interface) StdoutLine: {'line': b'-- Installing: /home/palinauskas/Documents/fortiss_repo/mujoco-eleanor/ROS2/install/controller_interface/include/controller_interface/action/detail/desired_pose__rosidl_typesupport_introspection_c.h\n'}
[8.466310] (controller_interface) StdoutLine: {'line': b'-- Installing: /home/palinauskas/Documents/fortiss_repo/mujoco-eleanor/ROS2/install/controller_interface/include/controller_interface/action/detail/desired_pose_name__type_support.c\n'}
[8.466427] (controller_interface) StdoutLine: {'line': b'-- Installing: /home/palinauskas/Documents/fortiss_repo/mujoco-eleanor/ROS2/install/controller_interface/include/controller_interface/action/detail/desired_pose__type_support.c\n'}
[8.466542] (controller_interface) StdoutLine: {'line': b'-- Installing: /home/palinauskas/Documents/fortiss_repo/mujoco-eleanor/ROS2/install/controller_interface/include/controller_interface/action/detail/saccades2__type_support.c\n'}
[8.466656] (controller_interface) StdoutLine: {'line': b'-- Installing: /home/palinauskas/Documents/fortiss_repo/mujoco-eleanor/ROS2/install/controller_interface/include/controller_interface/action/detail/saccades__type_support.c\n'}
[8.466841] (controller_interface) StdoutLine: {'line': b'-- Installing: /home/palinauskas/Documents/fortiss_repo/mujoco-eleanor/ROS2/install/controller_interface/lib/libcontroller_interface__rosidl_typesupport_introspection_c.so\n'}
[8.467218] (controller_interface) StdoutLine: {'line': b'-- Set runtime path of "/home/palinauskas/Documents/fortiss_repo/mujoco-eleanor/ROS2/install/controller_interface/lib/libcontroller_interface__rosidl_typesupport_introspection_c.so" to ""\n'}
[8.467300] (controller_interface) StdoutLine: {'line': b'-- Installing: /home/palinauskas/Documents/fortiss_repo/mujoco-eleanor/ROS2/install/controller_interface/lib/libcontroller_interface__rosidl_typesupport_c.so\n'}
[8.467611] (controller_interface) StdoutLine: {'line': b'-- Set runtime path of "/home/palinauskas/Documents/fortiss_repo/mujoco-eleanor/ROS2/install/controller_interface/lib/libcontroller_interface__rosidl_typesupport_c.so" to ""\n'}
[8.467667] (controller_interface) StdoutLine: {'line': b'-- Up-to-date: /home/palinauskas/Documents/fortiss_repo/mujoco-eleanor/ROS2/install/controller_interface/include/controller_interface\n'}
[8.467747] (controller_interface) StdoutLine: {'line': b'-- Up-to-date: /home/palinauskas/Documents/fortiss_repo/mujoco-eleanor/ROS2/install/controller_interface/include/controller_interface/action\n'}
[8.467789] (controller_interface) StdoutLine: {'line': b'-- Up-to-date: /home/palinauskas/Documents/fortiss_repo/mujoco-eleanor/ROS2/install/controller_interface/include/controller_interface/action/detail\n'}
[8.467843] (controller_interface) StdoutLine: {'line': b'-- Installing: /home/palinauskas/Documents/fortiss_repo/mujoco-eleanor/ROS2/install/controller_interface/include/controller_interface/action/detail/desired_pose_name__builder.hpp\n'}
[8.467884] (controller_interface) StdoutLine: {'line': b'-- Installing: /home/palinauskas/Documents/fortiss_repo/mujoco-eleanor/ROS2/install/controller_interface/include/controller_interface/action/detail/saccades__builder.hpp\n'}
[8.467943] (controller_interface) StdoutLine: {'line': b'-- Installing: /home/palinauskas/Documents/fortiss_repo/mujoco-eleanor/ROS2/install/controller_interface/include/controller_interface/action/detail/desired_pose_name__traits.hpp\n'}
[8.468033] (controller_interface) StdoutLine: {'line': b'-- Installing: /home/palinauskas/Documents/fortiss_repo/mujoco-eleanor/ROS2/install/controller_interface/include/controller_interface/action/detail/saccades__struct.hpp\n'}
[8.468143] (controller_interface) StdoutLine: {'line': b'-- Installing: /home/palinauskas/Documents/fortiss_repo/mujoco-eleanor/ROS2/install/controller_interface/include/controller_interface/action/detail/saccades2__struct.hpp\n'}
[8.468252] (controller_interface) StdoutLine: {'line': b'-- Installing: /home/palinauskas/Documents/fortiss_repo/mujoco-eleanor/ROS2/install/controller_interface/include/controller_interface/action/detail/desired_pose_name__struct.hpp\n'}
[8.468365] (controller_interface) StdoutLine: {'line': b'-- Installing: /home/palinauskas/Documents/fortiss_repo/mujoco-eleanor/ROS2/install/controller_interface/include/controller_interface/action/detail/saccades__traits.hpp\n'}
[8.468462] (controller_interface) StdoutLine: {'line': b'-- Installing: /home/palinauskas/Documents/fortiss_repo/mujoco-eleanor/ROS2/install/controller_interface/include/controller_interface/action/detail/desired_pose__struct.hpp\n'}
[8.468571] (controller_interface) StdoutLine: {'line': b'-- Installing: /home/palinauskas/Documents/fortiss_repo/mujoco-eleanor/ROS2/install/controller_interface/include/controller_interface/action/detail/desired_pose__builder.hpp\n'}
[8.468664] (controller_interface) StdoutLine: {'line': b'-- Installing: /home/palinauskas/Documents/fortiss_repo/mujoco-eleanor/ROS2/install/controller_interface/include/controller_interface/action/detail/saccades2__traits.hpp\n'}
[8.468763] (controller_interface) StdoutLine: {'line': b'-- Installing: /home/palinauskas/Documents/fortiss_repo/mujoco-eleanor/ROS2/install/controller_interface/include/controller_interface/action/detail/saccades2__builder.hpp\n'}
[8.468854] (controller_interface) StdoutLine: {'line': b'-- Installing: /home/palinauskas/Documents/fortiss_repo/mujoco-eleanor/ROS2/install/controller_interface/include/controller_interface/action/detail/desired_pose__traits.hpp\n'}
[8.468953] (controller_interface) StdoutLine: {'line': b'-- Installing: /home/palinauskas/Documents/fortiss_repo/mujoco-eleanor/ROS2/install/controller_interface/include/controller_interface/action/desired_pose_name.hpp\n'}
[8.469045] (controller_interface) StdoutLine: {'line': b'-- Installing: /home/palinauskas/Documents/fortiss_repo/mujoco-eleanor/ROS2/install/controller_interface/include/controller_interface/action/saccades.hpp\n'}
[8.469130] (controller_interface) StdoutLine: {'line': b'-- Installing: /home/palinauskas/Documents/fortiss_repo/mujoco-eleanor/ROS2/install/controller_interface/include/controller_interface/action/desired_pose.hpp\n'}
[8.469215] (controller_interface) StdoutLine: {'line': b'-- Installing: /home/palinauskas/Documents/fortiss_repo/mujoco-eleanor/ROS2/install/controller_interface/include/controller_interface/action/saccades2.hpp\n'}
[8.469350] (controller_interface) StdoutLine: {'line': b'-- Up-to-date: /home/palinauskas/Documents/fortiss_repo/mujoco-eleanor/ROS2/install/controller_interface/include/controller_interface\n'}
[8.469467] (controller_interface) StdoutLine: {'line': b'-- Up-to-date: /home/palinauskas/Documents/fortiss_repo/mujoco-eleanor/ROS2/install/controller_interface/include/controller_interface/action\n'}
[8.469605] (controller_interface) StdoutLine: {'line': b'-- Up-to-date: /home/palinauskas/Documents/fortiss_repo/mujoco-eleanor/ROS2/install/controller_interface/include/controller_interface/action/detail\n'}
[8.469700] (controller_interface) StdoutLine: {'line': b'-- Installing: /home/palinauskas/Documents/fortiss_repo/mujoco-eleanor/ROS2/install/controller_interface/include/controller_interface/action/detail/saccades2__rosidl_typesupport_introspection_cpp.hpp\n'}
[8.469770] (controller_interface) StdoutLine: {'line': b'-- Installing: /home/palinauskas/Documents/fortiss_repo/mujoco-eleanor/ROS2/install/controller_interface/include/controller_interface/action/detail/desired_pose_name__type_support.cpp\n'}
[8.469852] (controller_interface) StdoutLine: {'line': b'-- Installing: /home/palinauskas/Documents/fortiss_repo/mujoco-eleanor/ROS2/install/controller_interface/include/controller_interface/action/detail/desired_pose_name__rosidl_typesupport_introspection_cpp.hpp\n'}
[8.469953] (controller_interface) StdoutLine: {'line': b'-- Installing: /home/palinauskas/Documents/fortiss_repo/mujoco-eleanor/ROS2/install/controller_interface/include/controller_interface/action/detail/saccades2__type_support.cpp\n'}
[8.470111] (controller_interface) StdoutLine: {'line': b'-- Installing: /home/palinauskas/Documents/fortiss_repo/mujoco-eleanor/ROS2/install/controller_interface/include/controller_interface/action/detail/saccades__rosidl_typesupport_introspection_cpp.hpp\n'}
[8.470240] (controller_interface) StdoutLine: {'line': b'-- Installing: /home/palinauskas/Documents/fortiss_repo/mujoco-eleanor/ROS2/install/controller_interface/include/controller_interface/action/detail/saccades__type_support.cpp\n'}
[8.470429] (controller_interface) StdoutLine: {'line': b'-- Installing: /home/palinauskas/Documents/fortiss_repo/mujoco-eleanor/ROS2/install/controller_interface/include/controller_interface/action/detail/desired_pose__rosidl_typesupport_introspection_cpp.hpp\n'}
[8.470536] (controller_interface) StdoutLine: {'line': b'-- Installing: /home/palinauskas/Documents/fortiss_repo/mujoco-eleanor/ROS2/install/controller_interface/include/controller_interface/action/detail/desired_pose__type_support.cpp\n'}
[8.470774] (controller_interface) StdoutLine: {'line': b'-- Installing: /home/palinauskas/Documents/fortiss_repo/mujoco-eleanor/ROS2/install/controller_interface/lib/libcontroller_interface__rosidl_typesupport_introspection_cpp.so\n'}
[8.471249] (controller_interface) StdoutLine: {'line': b'-- Set runtime path of "/home/palinauskas/Documents/fortiss_repo/mujoco-eleanor/ROS2/install/controller_interface/lib/libcontroller_interface__rosidl_typesupport_introspection_cpp.so" to ""\n'}
[8.471346] (controller_interface) StdoutLine: {'line': b'-- Installing: /home/palinauskas/Documents/fortiss_repo/mujoco-eleanor/ROS2/install/controller_interface/lib/libcontroller_interface__rosidl_typesupport_cpp.so\n'}
[8.471735] (controller_interface) StdoutLine: {'line': b'-- Set runtime path of "/home/palinauskas/Documents/fortiss_repo/mujoco-eleanor/ROS2/install/controller_interface/lib/libcontroller_interface__rosidl_typesupport_cpp.so" to ""\n'}
[8.471827] (controller_interface) StdoutLine: {'line': b'-- Installing: /home/palinauskas/Documents/fortiss_repo/mujoco-eleanor/ROS2/install/controller_interface/share/controller_interface/environment/pythonpath.sh\n'}
[8.471949] (controller_interface) StdoutLine: {'line': b'-- Installing: /home/palinauskas/Documents/fortiss_repo/mujoco-eleanor/ROS2/install/controller_interface/share/controller_interface/environment/pythonpath.dsv\n'}
[8.472154] (controller_interface) StdoutLine: {'line': b'-- Installing: /home/palinauskas/Documents/fortiss_repo/mujoco-eleanor/ROS2/install/controller_interface/lib/python3.8/site-packages/controller_interface/__init__.py\n'}
[8.495461] (controller_interface) StdoutLine: {'line': b"Compiling '/home/palinauskas/Documents/fortiss_repo/mujoco-eleanor/ROS2/install/controller_interface/lib/python3.8/site-packages/controller_interface/__init__.py'...\n"}
[8.498181] (controller_interface) StdoutLine: {'line': b'-- Installing: /home/palinauskas/Documents/fortiss_repo/mujoco-eleanor/ROS2/install/controller_interface/lib/python3.8/site-packages/controller_interface/action\n'}
[8.498310] (controller_interface) StdoutLine: {'line': b'-- Installing: /home/palinauskas/Documents/fortiss_repo/mujoco-eleanor/ROS2/install/controller_interface/lib/python3.8/site-packages/controller_interface/action/_desired_pose.py\n'}
[8.498513] (controller_interface) StdoutLine: {'line': b'-- Installing: /home/palinauskas/Documents/fortiss_repo/mujoco-eleanor/ROS2/install/controller_interface/lib/python3.8/site-packages/controller_interface/action/_saccades2.py\n'}
[8.498656] (controller_interface) StdoutLine: {'line': b'-- Installing: /home/palinauskas/Documents/fortiss_repo/mujoco-eleanor/ROS2/install/controller_interface/lib/python3.8/site-packages/controller_interface/action/_desired_pose_name_s.c\n'}
[8.498806] (controller_interface) StdoutLine: {'line': b'-- Installing: /home/palinauskas/Documents/fortiss_repo/mujoco-eleanor/ROS2/install/controller_interface/lib/python3.8/site-packages/controller_interface/action/_saccades.py\n'}
[8.498964] (controller_interface) StdoutLine: {'line': b'-- Installing: /home/palinauskas/Documents/fortiss_repo/mujoco-eleanor/ROS2/install/controller_interface/lib/python3.8/site-packages/controller_interface/action/__init__.py\n'}
[8.499102] (controller_interface) StdoutLine: {'line': b'-- Installing: /home/palinauskas/Documents/fortiss_repo/mujoco-eleanor/ROS2/install/controller_interface/lib/python3.8/site-packages/controller_interface/action/_saccades2_s.c\n'}
[8.499232] (controller_interface) StdoutLine: {'line': b'-- Installing: /home/palinauskas/Documents/fortiss_repo/mujoco-eleanor/ROS2/install/controller_interface/lib/python3.8/site-packages/controller_interface/action/_saccades_s.c\n'}
[8.499372] (controller_interface) StdoutLine: {'line': b'-- Installing: /home/palinauskas/Documents/fortiss_repo/mujoco-eleanor/ROS2/install/controller_interface/lib/python3.8/site-packages/controller_interface/action/_desired_pose_name.py\n'}
[8.499526] (controller_interface) StdoutLine: {'line': b'-- Installing: /home/palinauskas/Documents/fortiss_repo/mujoco-eleanor/ROS2/install/controller_interface/lib/python3.8/site-packages/controller_interface/action/_desired_pose_s.c\n'}
[8.499865] (controller_interface) StdoutLine: {'line': b'-- Installing: /home/palinauskas/Documents/fortiss_repo/mujoco-eleanor/ROS2/install/controller_interface/lib/python3.8/site-packages/controller_interface/controller_interface_s__rosidl_typesupport_fastrtps_c.cpython-38-x86_64-linux-gnu.so\n'}
[8.500407] (controller_interface) StdoutLine: {'line': b'-- Set runtime path of "/home/palinauskas/Documents/fortiss_repo/mujoco-eleanor/ROS2/install/controller_interface/lib/python3.8/site-packages/controller_interface/controller_interface_s__rosidl_typesupport_fastrtps_c.cpython-38-x86_64-linux-gnu.so" to ""\n'}
[8.500602] (controller_interface) StdoutLine: {'line': b'-- Installing: /home/palinauskas/Documents/fortiss_repo/mujoco-eleanor/ROS2/install/controller_interface/lib/python3.8/site-packages/controller_interface/controller_interface_s__rosidl_typesupport_introspection_c.cpython-38-x86_64-linux-gnu.so\n'}
[8.501225] (controller_interface) StdoutLine: {'line': b'-- Set runtime path of "/home/palinauskas/Documents/fortiss_repo/mujoco-eleanor/ROS2/install/controller_interface/lib/python3.8/site-packages/controller_interface/controller_interface_s__rosidl_typesupport_introspection_c.cpython-38-x86_64-linux-gnu.so" to ""\n'}
[8.501407] (controller_interface) StdoutLine: {'line': b'-- Installing: /home/palinauskas/Documents/fortiss_repo/mujoco-eleanor/ROS2/install/controller_interface/lib/python3.8/site-packages/controller_interface/controller_interface_s__rosidl_typesupport_c.cpython-38-x86_64-linux-gnu.so\n'}
[8.501928] (controller_interface) StdoutLine: {'line': b'-- Set runtime path of "/home/palinauskas/Documents/fortiss_repo/mujoco-eleanor/ROS2/install/controller_interface/lib/python3.8/site-packages/controller_interface/controller_interface_s__rosidl_typesupport_c.cpython-38-x86_64-linux-gnu.so" to ""\n'}
[8.502026] (controller_interface) StdoutLine: {'line': b'-- Installing: /home/palinauskas/Documents/fortiss_repo/mujoco-eleanor/ROS2/install/controller_interface/lib/libcontroller_interface__python.so\n'}
[8.502415] (controller_interface) StdoutLine: {'line': b'-- Set runtime path of "/home/palinauskas/Documents/fortiss_repo/mujoco-eleanor/ROS2/install/controller_interface/lib/libcontroller_interface__python.so" to ""\n'}
[8.502523] (controller_interface) StdoutLine: {'line': b'-- Installing: /home/palinauskas/Documents/fortiss_repo/mujoco-eleanor/ROS2/install/controller_interface/share/controller_interface/action/DesiredPoseName.idl\n'}
[8.502688] (controller_interface) StdoutLine: {'line': b'-- Installing: /home/palinauskas/Documents/fortiss_repo/mujoco-eleanor/ROS2/install/controller_interface/share/controller_interface/action/DesiredPose.idl\n'}
[8.502841] (controller_interface) StdoutLine: {'line': b'-- Installing: /home/palinauskas/Documents/fortiss_repo/mujoco-eleanor/ROS2/install/controller_interface/share/controller_interface/action/Saccades.idl\n'}
[8.502993] (controller_interface) StdoutLine: {'line': b'-- Installing: /home/palinauskas/Documents/fortiss_repo/mujoco-eleanor/ROS2/install/controller_interface/share/controller_interface/action/Saccades2.idl\n'}
[8.503142] (controller_interface) StdoutLine: {'line': b'-- Installing: /home/palinauskas/Documents/fortiss_repo/mujoco-eleanor/ROS2/install/controller_interface/share/controller_interface/action/DesiredPoseName.action\n'}
[8.503293] (controller_interface) StdoutLine: {'line': b'-- Installing: /home/palinauskas/Documents/fortiss_repo/mujoco-eleanor/ROS2/install/controller_interface/share/controller_interface/action/DesiredPose.action\n'}
[8.503441] (controller_interface) StdoutLine: {'line': b'-- Installing: /home/palinauskas/Documents/fortiss_repo/mujoco-eleanor/ROS2/install/controller_interface/share/controller_interface/action/Saccades.action\n'}
[8.503590] (controller_interface) StdoutLine: {'line': b'-- Installing: /home/palinauskas/Documents/fortiss_repo/mujoco-eleanor/ROS2/install/controller_interface/share/controller_interface/action/Saccades2.action\n'}
[8.503779] (controller_interface) StdoutLine: {'line': b'-- Installing: /home/palinauskas/Documents/fortiss_repo/mujoco-eleanor/ROS2/install/controller_interface/share/ament_index/resource_index/package_run_dependencies/controller_interface\n'}
[8.503963] (controller_interface) StdoutLine: {'line': b'-- Installing: /home/palinauskas/Documents/fortiss_repo/mujoco-eleanor/ROS2/install/controller_interface/share/ament_index/resource_index/parent_prefix_path/controller_interface\n'}
[8.504120] (controller_interface) StdoutLine: {'line': b'-- Installing: /home/palinauskas/Documents/fortiss_repo/mujoco-eleanor/ROS2/install/controller_interface/share/controller_interface/environment/ament_prefix_path.sh\n'}
[8.504276] (controller_interface) StdoutLine: {'line': b'-- Installing: /home/palinauskas/Documents/fortiss_repo/mujoco-eleanor/ROS2/install/controller_interface/share/controller_interface/environment/ament_prefix_path.dsv\n'}
[8.504429] (controller_interface) StdoutLine: {'line': b'-- Installing: /home/palinauskas/Documents/fortiss_repo/mujoco-eleanor/ROS2/install/controller_interface/share/controller_interface/environment/path.sh\n'}
[8.504578] (controller_interface) StdoutLine: {'line': b'-- Installing: /home/palinauskas/Documents/fortiss_repo/mujoco-eleanor/ROS2/install/controller_interface/share/controller_interface/environment/path.dsv\n'}
[8.504749] (controller_interface) StdoutLine: {'line': b'-- Installing: /home/palinauskas/Documents/fortiss_repo/mujoco-eleanor/ROS2/install/controller_interface/share/controller_interface/local_setup.bash\n'}
[8.504886] (controller_interface) StdoutLine: {'line': b'-- Installing: /home/palinauskas/Documents/fortiss_repo/mujoco-eleanor/ROS2/install/controller_interface/share/controller_interface/local_setup.sh\n'}
[8.505057] (controller_interface) StdoutLine: {'line': b'-- Installing: /home/palinauskas/Documents/fortiss_repo/mujoco-eleanor/ROS2/install/controller_interface/share/controller_interface/local_setup.zsh\n'}
[8.505212] (controller_interface) StdoutLine: {'line': b'-- Installing: /home/palinauskas/Documents/fortiss_repo/mujoco-eleanor/ROS2/install/controller_interface/share/controller_interface/local_setup.dsv\n'}
[8.505396] (controller_interface) StdoutLine: {'line': b'-- Installing: /home/palinauskas/Documents/fortiss_repo/mujoco-eleanor/ROS2/install/controller_interface/share/controller_interface/package.dsv\n'}
[8.505548] (controller_interface) StdoutLine: {'line': b'-- Installing: /home/palinauskas/Documents/fortiss_repo/mujoco-eleanor/ROS2/install/controller_interface/share/ament_index/resource_index/packages/controller_interface\n'}
[8.505760] (controller_interface) StdoutLine: {'line': b'-- Installing: /home/palinauskas/Documents/fortiss_repo/mujoco-eleanor/ROS2/install/controller_interface/share/controller_interface/cmake/controller_interface__rosidl_generator_cExport.cmake\n'}
[8.505922] (controller_interface) StdoutLine: {'line': b'-- Installing: /home/palinauskas/Documents/fortiss_repo/mujoco-eleanor/ROS2/install/controller_interface/share/controller_interface/cmake/controller_interface__rosidl_generator_cExport-noconfig.cmake\n'}
[8.506121] (controller_interface) StdoutLine: {'line': b'-- Installing: /home/palinauskas/Documents/fortiss_repo/mujoco-eleanor/ROS2/install/controller_interface/share/controller_interface/cmake/controller_interface__rosidl_typesupport_introspection_cExport.cmake\n'}
[8.506278] (controller_interface) StdoutLine: {'line': b'-- Installing: /home/palinauskas/Documents/fortiss_repo/mujoco-eleanor/ROS2/install/controller_interface/share/controller_interface/cmake/controller_interface__rosidl_typesupport_introspection_cExport-noconfig.cmake\n'}
[8.506466] (controller_interface) StdoutLine: {'line': b'-- Installing: /home/palinauskas/Documents/fortiss_repo/mujoco-eleanor/ROS2/install/controller_interface/share/controller_interface/cmake/controller_interface__rosidl_typesupport_cExport.cmake\n'}
[8.506638] (controller_interface) StdoutLine: {'line': b'-- Installing: /home/palinauskas/Documents/fortiss_repo/mujoco-eleanor/ROS2/install/controller_interface/share/controller_interface/cmake/controller_interface__rosidl_typesupport_cExport-noconfig.cmake\n'}
[8.506816] (controller_interface) StdoutLine: {'line': b'-- Installing: /home/palinauskas/Documents/fortiss_repo/mujoco-eleanor/ROS2/install/controller_interface/share/controller_interface/cmake/controller_interface__rosidl_generator_cppExport.cmake\n'}
[8.507017] (controller_interface) StdoutLine: {'line': b'-- Installing: /home/palinauskas/Documents/fortiss_repo/mujoco-eleanor/ROS2/install/controller_interface/share/controller_interface/cmake/controller_interface__rosidl_typesupport_introspection_cppExport.cmake\n'}
[8.507173] (controller_interface) StdoutLine: {'line': b'-- Installing: /home/palinauskas/Documents/fortiss_repo/mujoco-eleanor/ROS2/install/controller_interface/share/controller_interface/cmake/controller_interface__rosidl_typesupport_introspection_cppExport-noconfig.cmake\n'}
[8.507364] (controller_interface) StdoutLine: {'line': b'-- Installing: /home/palinauskas/Documents/fortiss_repo/mujoco-eleanor/ROS2/install/controller_interface/share/controller_interface/cmake/controller_interface__rosidl_typesupport_cppExport.cmake\n'}
[8.507521] (controller_interface) StdoutLine: {'line': b'-- Installing: /home/palinauskas/Documents/fortiss_repo/mujoco-eleanor/ROS2/install/controller_interface/share/controller_interface/cmake/controller_interface__rosidl_typesupport_cppExport-noconfig.cmake\n'}
[8.507679] (controller_interface) StdoutLine: {'line': b'-- Installing: /home/palinauskas/Documents/fortiss_repo/mujoco-eleanor/ROS2/install/controller_interface/share/controller_interface/cmake/rosidl_cmake-extras.cmake\n'}
[8.507844] (controller_interface) StdoutLine: {'line': b'-- Installing: /home/palinauskas/Documents/fortiss_repo/mujoco-eleanor/ROS2/install/controller_interface/share/controller_interface/cmake/ament_cmake_export_dependencies-extras.cmake\n'}
[8.507996] (controller_interface) StdoutLine: {'line': b'-- Installing: /home/palinauskas/Documents/fortiss_repo/mujoco-eleanor/ROS2/install/controller_interface/share/controller_interface/cmake/ament_cmake_export_libraries-extras.cmake\n'}
[8.508153] (controller_interface) StdoutLine: {'line': b'-- Installing: /home/palinauskas/Documents/fortiss_repo/mujoco-eleanor/ROS2/install/controller_interface/share/controller_interface/cmake/ament_cmake_export_targets-extras.cmake\n'}
[8.508306] (controller_interface) StdoutLine: {'line': b'-- Installing: /home/palinauskas/Documents/fortiss_repo/mujoco-eleanor/ROS2/install/controller_interface/share/controller_interface/cmake/ament_cmake_export_include_directories-extras.cmake\n'}
[8.508458] (controller_interface) StdoutLine: {'line': b'-- Installing: /home/palinauskas/Documents/fortiss_repo/mujoco-eleanor/ROS2/install/controller_interface/share/controller_interface/cmake/rosidl_cmake_export_typesupport_libraries-extras.cmake\n'}
[8.508622] (controller_interface) StdoutLine: {'line': b'-- Installing: /home/palinauskas/Documents/fortiss_repo/mujoco-eleanor/ROS2/install/controller_interface/share/controller_interface/cmake/rosidl_cmake_export_typesupport_targets-extras.cmake\n'}
[8.508764] (controller_interface) StdoutLine: {'line': b'-- Installing: /home/palinauskas/Documents/fortiss_repo/mujoco-eleanor/ROS2/install/controller_interface/share/controller_interface/cmake/controller_interfaceConfig.cmake\n'}
[8.508888] (controller_interface) StdoutLine: {'line': b'-- Installing: /home/palinauskas/Documents/fortiss_repo/mujoco-eleanor/ROS2/install/controller_interface/share/controller_interface/cmake/controller_interfaceConfig-version.cmake\n'}
[8.509045] (controller_interface) StdoutLine: {'line': b'-- Installing: /home/palinauskas/Documents/fortiss_repo/mujoco-eleanor/ROS2/install/controller_interface/share/controller_interface/package.xml\n'}
[8.510892] (controller_interface) CommandEnded: {'returncode': 0}
[8.522345] (-) TimerEvent: {}
[8.622932] (-) TimerEvent: {}
[8.631618] (controller_interface) JobEnded: {'identifier': 'controller_interface', 'rc': 0}
[8.632985] (mujoco_egen) JobStarted: {'identifier': 'mujoco_egen'}
[8.638753] (mujoco_sim) JobStarted: {'identifier': 'mujoco_sim'}
[8.723079] (-) TimerEvent: {}
[8.823393] (-) TimerEvent: {}
[8.923739] (-) TimerEvent: {}
[9.024079] (-) TimerEvent: {}
[9.124440] (-) TimerEvent: {}
[9.224897] (-) TimerEvent: {}
[9.325718] (-) TimerEvent: {}
[9.425991] (-) TimerEvent: {}
[9.443057] (mujoco_egen) Command: {'cmd': ['/usr/bin/python3', 'setup.py', 'egg_info', '--egg-base', '../../build/mujoco_egen', 'build', '--build-base', '/home/palinauskas/Documents/fortiss_repo/mujoco-eleanor/ROS2/build/mujoco_egen/build', 'install', '--record', '/home/palinauskas/Documents/fortiss_repo/mujoco-eleanor/ROS2/build/mujoco_egen/install.log', '--single-version-externally-managed'], 'cwd': '/home/palinauskas/Documents/fortiss_repo/mujoco-eleanor/ROS2/src/mujoco_egen', 'env': {'LESSOPEN': '| /usr/bin/lesspipe %s', 'USER': 'palinauskas', 'LC_TIME': 'de_DE.UTF-8', 'SSH_AGENT_PID': '4489', 'XDG_SESSION_TYPE': 'x11', 'SHLVL': '1', 'LD_LIBRARY_PATH': '/home/palinauskas/Documents/fortiss_repo/mujoco-eleanor/ROS2/install/controller_interface/lib:/home/palinauskas/Documents/fortiss_repo/mujoco-eleanor/ROS2/install/camera_event_data_interface/lib:/opt/ros/galactic/opt/yaml_cpp_vendor/lib:/opt/ros/galactic/opt/rviz_ogre_vendor/lib:/opt/ros/galactic/lib/x86_64-linux-gnu:/opt/ros/galactic/lib:/usr/local/cuda-11.3/lib64', 'HOME': '/home/palinauskas', 'CONDA_SHLVL': '0', 'OLDPWD': '/home/palinauskas/Documents/fortiss_repo/mujoco-eleanor', 'DESKTOP_SESSION': 'ubuntu', 'ROS_PYTHON_VERSION': '3', 'GNOME_SHELL_SESSION_MODE': 'ubuntu', 'HOMEBREW_PREFIX': '/home/linuxbrew/.linuxbrew', 'GTK_MODULES': 'gail:atk-bridge', 'LC_MONETARY': 'de_DE.UTF-8', 'MANAGERPID': '4306', 'DBUS_SESSION_BUS_ADDRESS': 'unix:path=/run/user/1001/bus', 'COLORTERM': 'truecolor', '_CE_M': '', 'TERMINATOR_DBUS_NAME': 'net.tenshu.Terminator23558193cd9818af7fe4d2c2f5bd9d00f', 'GIO_LAUNCHED_DESKTOP_FILE_PID': '16299', 'IM_CONFIG_PHASE': '1', 'INFOPATH': '/home/linuxbrew/.linuxbrew/share/info:', 'ROS_DISTRO': 'galactic', 'LOGNAME': 'palinauskas', 'JOURNAL_STREAM': '8:52444', '_': '/usr/bin/colcon', 'ROS_VERSION': '2', 'XDG_SESSION_CLASS': 'user', 'USERNAME': 'palinauskas', 'TERM': 'xterm-256color', 'GNOME_DESKTOP_SESSION_ID': 'this-is-deprecated', '_CE_CONDA': '', 'ROS_LOCALHOST_ONLY': '0', 'WINDOWPATH': '2', 'PATH': '/opt/ros/galactic/bin:/usr/local/cuda-11.3/bin:/home/palinauskas/anaconda3/condabin:/home/linuxbrew/.linuxbrew/bin:/home/linuxbrew/.linuxbrew/sbin:/home/palinauskas/.local/bin:/usr/local/sbin:/usr/local/bin:/usr/sbin:/usr/bin:/sbin:/bin:/usr/games:/usr/local/games:/snap/bin', 'SESSION_MANAGER': 'local/for2745:@/tmp/.ICE-unix/4528,unix/for2745:/tmp/.ICE-unix/4528', 'INVOCATION_ID': 'd0bf3657d2e84257a0d565114d9b71d5', 'HOMEBREW_CELLAR': '/home/linuxbrew/.linuxbrew/Cellar', 'XDG_MENU_PREFIX': 'gnome-', 'LC_ADDRESS': 'de_DE.UTF-8', 'XDG_RUNTIME_DIR': '/run/user/1001', 'DISPLAY': ':1', 'TERMINATOR_DBUS_PATH': '/net/tenshu/Terminator2', 'LANG': 'en_US.UTF-8', 'XDG_CURRENT_DESKTOP': 'ubuntu:GNOME', 'LC_TELEPHONE': 'de_DE.UTF-8', 'XMODIFIERS': '@im=ibus', 'XDG_SESSION_DESKTOP': 'ubuntu', 'XAUTHORITY': '/run/user/1001/gdm/Xauthority', 'LS_COLORS': 'rs=0:di=01;34:ln=01;36:mh=00:pi=40;33:so=01;35:do=01;35:bd=40;33;01:cd=40;33;01:or=40;31;01:mi=00:su=37;41:sg=30;43:ca=30;41:tw=30;42:ow=34;42:st=37;44:ex=01;32:*.tar=01;31:*.tgz=01;31:*.arc=01;31:*.arj=01;31:*.taz=01;31:*.lha=01;31:*.lz4=01;31:*.lzh=01;31:*.lzma=01;31:*.tlz=01;31:*.txz=01;31:*.tzo=01;31:*.t7z=01;31:*.zip=01;31:*.z=01;31:*.dz=01;31:*.gz=01;31:*.lrz=01;31:*.lz=01;31:*.lzo=01;31:*.xz=01;31:*.zst=01;31:*.tzst=01;31:*.bz2=01;31:*.bz=01;31:*.tbz=01;31:*.tbz2=01;31:*.tz=01;31:*.deb=01;31:*.rpm=01;31:*.jar=01;31:*.war=01;31:*.ear=01;31:*.sar=01;31:*.rar=01;31:*.alz=01;31:*.ace=01;31:*.zoo=01;31:*.cpio=01;31:*.7z=01;31:*.rz=01;31:*.cab=01;31:*.wim=01;31:*.swm=01;31:*.dwm=01;31:*.esd=01;31:*.jpg=01;35:*.jpeg=01;35:*.mjpg=01;35:*.mjpeg=01;35:*.gif=01;35:*.bmp=01;35:*.pbm=01;35:*.pgm=01;35:*.ppm=01;35:*.tga=01;35:*.xbm=01;35:*.xpm=01;35:*.tif=01;35:*.tiff=01;35:*.png=01;35:*.svg=01;35:*.svgz=01;35:*.mng=01;35:*.pcx=01;35:*.mov=01;35:*.mpg=01;35:*.mpeg=01;35:*.m2v=01;35:*.mkv=01;35:*.webm=01;35:*.ogm=01;35:*.mp4=01;35:*.m4v=01;35:*.mp4v=01;35:*.vob=01;35:*.qt=01;35:*.nuv=01;35:*.wmv=01;35:*.asf=01;35:*.rm=01;35:*.rmvb=01;35:*.flc=01;35:*.avi=01;35:*.fli=01;35:*.flv=01;35:*.gl=01;35:*.dl=01;35:*.xcf=01;35:*.xwd=01;35:*.yuv=01;35:*.cgm=01;35:*.emf=01;35:*.ogv=01;35:*.ogx=01;35:*.aac=00;36:*.au=00;36:*.flac=00;36:*.m4a=00;36:*.mid=00;36:*.midi=00;36:*.mka=00;36:*.mp3=00;36:*.mpc=00;36:*.ogg=00;36:*.ra=00;36:*.wav=00;36:*.oga=00;36:*.opus=00;36:*.spx=00;36:*.xspf=00;36:', 'SSH_AUTH_SOCK': '/run/user/1001/keyring/ssh', 'AMENT_PREFIX_PATH': '/home/palinauskas/Documents/fortiss_repo/mujoco-eleanor/ROS2/install/controller_interface:/home/palinauskas/Documents/fortiss_repo/mujoco-eleanor/ROS2/install/camera_event_data_interface:/opt/ros/galactic', 'CONDA_PYTHON_EXE': '/home/palinauskas/anaconda3/bin/python', 'SHELL': '/bin/bash', 'LC_NAME': 'de_DE.UTF-8', 'TERMINATOR_UUID': 'urn:uuid:7cd6a82d-e45f-4391-a19a-e3888a80767b', 'QT_ACCESSIBILITY': '1', 'GDMSESSION': 'ubuntu', 'LESSCLOSE': '/usr/bin/lesspipe %s %s', 'LC_MEASUREMENT': 'de_DE.UTF-8', 'GPG_AGENT_INFO': '/run/user/1001/gnupg/S.gpg-agent:0:1', 'LC_IDENTIFICATION': 'de_DE.UTF-8', 'QT_IM_MODULE': 'ibus', 'PWD': '/home/palinauskas/Documents/fortiss_repo/mujoco-eleanor/ROS2/build/mujoco_egen', 'LC_ALL': 'en_US.UTF-8', 'XDG_CONFIG_DIRS': '/etc/xdg/xdg-ubuntu:/etc/xdg', 'CONDA_EXE': '/home/palinauskas/anaconda3/bin/conda', 'XDG_DATA_DIRS': '/usr/share/ubuntu:/usr/local/share/:/usr/share/:/var/lib/snapd/desktop', 'PYTHONPATH': '/home/palinauskas/Documents/fortiss_repo/mujoco-eleanor/ROS2/build/mujoco_egen/prefix_override:/home/palinauskas/Documents/fortiss_repo/mujoco-eleanor/ROS2/install/mujoco_egen/lib/python3.8/site-packages:/home/palinauskas/Documents/fortiss_repo/mujoco-eleanor/ROS2/install/controller_interface/lib/python3.8/site-packages:/home/palinauskas/Documents/fortiss_repo/mujoco-eleanor/ROS2/install/camera_event_data_interface/lib/python3.8/site-packages:/opt/ros/galactic/lib/python3.8/site-packages', 'HOMEBREW_REPOSITORY': '/home/linuxbrew/.linuxbrew/Homebrew', 'LC_NUMERIC': 'de_DE.UTF-8', 'LC_PAPER': 'de_DE.UTF-8', 'COLCON': '1', 'MANPATH': '/home/linuxbrew/.linuxbrew/share/man:', 'VTE_VERSION': '6003', 'CMAKE_PREFIX_PATH': '/home/palinauskas/Documents/fortiss_repo/mujoco-eleanor/ROS2/install/controller_interface:/home/palinauskas/Documents/fortiss_repo/mujoco-eleanor/ROS2/install/camera_event_data_interface'}, 'shell': False}
[9.444932] (mujoco_sim) Command: {'cmd': ['/usr/bin/python3', 'setup.py', 'egg_info', '--egg-base', '../../build/mujoco_sim', 'build', '--build-base', '/home/palinauskas/Documents/fortiss_repo/mujoco-eleanor/ROS2/build/mujoco_sim/build', 'install', '--record', '/home/palinauskas/Documents/fortiss_repo/mujoco-eleanor/ROS2/build/mujoco_sim/install.log', '--single-version-externally-managed'], 'cwd': '/home/palinauskas/Documents/fortiss_repo/mujoco-eleanor/ROS2/src/mujoco_sim', 'env': {'LESSOPEN': '| /usr/bin/lesspipe %s', 'USER': 'palinauskas', 'LC_TIME': 'de_DE.UTF-8', 'SSH_AGENT_PID': '4489', 'XDG_SESSION_TYPE': 'x11', 'SHLVL': '1', 'LD_LIBRARY_PATH': '/home/palinauskas/Documents/fortiss_repo/mujoco-eleanor/ROS2/install/controller_interface/lib:/home/palinauskas/Documents/fortiss_repo/mujoco-eleanor/ROS2/install/camera_event_data_interface/lib:/opt/ros/galactic/opt/yaml_cpp_vendor/lib:/opt/ros/galactic/opt/rviz_ogre_vendor/lib:/opt/ros/galactic/lib/x86_64-linux-gnu:/opt/ros/galactic/lib:/usr/local/cuda-11.3/lib64', 'HOME': '/home/palinauskas', 'CONDA_SHLVL': '0', 'OLDPWD': '/home/palinauskas/Documents/fortiss_repo/mujoco-eleanor', 'DESKTOP_SESSION': 'ubuntu', 'ROS_PYTHON_VERSION': '3', 'GNOME_SHELL_SESSION_MODE': 'ubuntu', 'HOMEBREW_PREFIX': '/home/linuxbrew/.linuxbrew', 'GTK_MODULES': 'gail:atk-bridge', 'LC_MONETARY': 'de_DE.UTF-8', 'MANAGERPID': '4306', 'DBUS_SESSION_BUS_ADDRESS': 'unix:path=/run/user/1001/bus', 'COLORTERM': 'truecolor', '_CE_M': '', 'TERMINATOR_DBUS_NAME': 'net.tenshu.Terminator23558193cd9818af7fe4d2c2f5bd9d00f', 'GIO_LAUNCHED_DESKTOP_FILE_PID': '16299', 'IM_CONFIG_PHASE': '1', 'INFOPATH': '/home/linuxbrew/.linuxbrew/share/info:', 'ROS_DISTRO': 'galactic', 'LOGNAME': 'palinauskas', 'JOURNAL_STREAM': '8:52444', '_': '/usr/bin/colcon', 'ROS_VERSION': '2', 'XDG_SESSION_CLASS': 'user', 'USERNAME': 'palinauskas', 'TERM': 'xterm-256color', 'GNOME_DESKTOP_SESSION_ID': 'this-is-deprecated', '_CE_CONDA': '', 'ROS_LOCALHOST_ONLY': '0', 'WINDOWPATH': '2', 'PATH': '/opt/ros/galactic/bin:/usr/local/cuda-11.3/bin:/home/palinauskas/anaconda3/condabin:/home/linuxbrew/.linuxbrew/bin:/home/linuxbrew/.linuxbrew/sbin:/home/palinauskas/.local/bin:/usr/local/sbin:/usr/local/bin:/usr/sbin:/usr/bin:/sbin:/bin:/usr/games:/usr/local/games:/snap/bin', 'SESSION_MANAGER': 'local/for2745:@/tmp/.ICE-unix/4528,unix/for2745:/tmp/.ICE-unix/4528', 'INVOCATION_ID': 'd0bf3657d2e84257a0d565114d9b71d5', 'HOMEBREW_CELLAR': '/home/linuxbrew/.linuxbrew/Cellar', 'XDG_MENU_PREFIX': 'gnome-', 'LC_ADDRESS': 'de_DE.UTF-8', 'XDG_RUNTIME_DIR': '/run/user/1001', 'DISPLAY': ':1', 'TERMINATOR_DBUS_PATH': '/net/tenshu/Terminator2', 'LANG': 'en_US.UTF-8', 'XDG_CURRENT_DESKTOP': 'ubuntu:GNOME', 'LC_TELEPHONE': 'de_DE.UTF-8', 'XMODIFIERS': '@im=ibus', 'XDG_SESSION_DESKTOP': 'ubuntu', 'XAUTHORITY': '/run/user/1001/gdm/Xauthority', 'LS_COLORS': 'rs=0:di=01;34:ln=01;36:mh=00:pi=40;33:so=01;35:do=01;35:bd=40;33;01:cd=40;33;01:or=40;31;01:mi=00:su=37;41:sg=30;43:ca=30;41:tw=30;42:ow=34;42:st=37;44:ex=01;32:*.tar=01;31:*.tgz=01;31:*.arc=01;31:*.arj=01;31:*.taz=01;31:*.lha=01;31:*.lz4=01;31:*.lzh=01;31:*.lzma=01;31:*.tlz=01;31:*.txz=01;31:*.tzo=01;31:*.t7z=01;31:*.zip=01;31:*.z=01;31:*.dz=01;31:*.gz=01;31:*.lrz=01;31:*.lz=01;31:*.lzo=01;31:*.xz=01;31:*.zst=01;31:*.tzst=01;31:*.bz2=01;31:*.bz=01;31:*.tbz=01;31:*.tbz2=01;31:*.tz=01;31:*.deb=01;31:*.rpm=01;31:*.jar=01;31:*.war=01;31:*.ear=01;31:*.sar=01;31:*.rar=01;31:*.alz=01;31:*.ace=01;31:*.zoo=01;31:*.cpio=01;31:*.7z=01;31:*.rz=01;31:*.cab=01;31:*.wim=01;31:*.swm=01;31:*.dwm=01;31:*.esd=01;31:*.jpg=01;35:*.jpeg=01;35:*.mjpg=01;35:*.mjpeg=01;35:*.gif=01;35:*.bmp=01;35:*.pbm=01;35:*.pgm=01;35:*.ppm=01;35:*.tga=01;35:*.xbm=01;35:*.xpm=01;35:*.tif=01;35:*.tiff=01;35:*.png=01;35:*.svg=01;35:*.svgz=01;35:*.mng=01;35:*.pcx=01;35:*.mov=01;35:*.mpg=01;35:*.mpeg=01;35:*.m2v=01;35:*.mkv=01;35:*.webm=01;35:*.ogm=01;35:*.mp4=01;35:*.m4v=01;35:*.mp4v=01;35:*.vob=01;35:*.qt=01;35:*.nuv=01;35:*.wmv=01;35:*.asf=01;35:*.rm=01;35:*.rmvb=01;35:*.flc=01;35:*.avi=01;35:*.fli=01;35:*.flv=01;35:*.gl=01;35:*.dl=01;35:*.xcf=01;35:*.xwd=01;35:*.yuv=01;35:*.cgm=01;35:*.emf=01;35:*.ogv=01;35:*.ogx=01;35:*.aac=00;36:*.au=00;36:*.flac=00;36:*.m4a=00;36:*.mid=00;36:*.midi=00;36:*.mka=00;36:*.mp3=00;36:*.mpc=00;36:*.ogg=00;36:*.ra=00;36:*.wav=00;36:*.oga=00;36:*.opus=00;36:*.spx=00;36:*.xspf=00;36:', 'SSH_AUTH_SOCK': '/run/user/1001/keyring/ssh', 'AMENT_PREFIX_PATH': '/home/palinauskas/Documents/fortiss_repo/mujoco-eleanor/ROS2/install/controller_interface:/home/palinauskas/Documents/fortiss_repo/mujoco-eleanor/ROS2/install/camera_event_data_interface:/opt/ros/galactic', 'CONDA_PYTHON_EXE': '/home/palinauskas/anaconda3/bin/python', 'SHELL': '/bin/bash', 'LC_NAME': 'de_DE.UTF-8', 'TERMINATOR_UUID': 'urn:uuid:7cd6a82d-e45f-4391-a19a-e3888a80767b', 'QT_ACCESSIBILITY': '1', 'GDMSESSION': 'ubuntu', 'LESSCLOSE': '/usr/bin/lesspipe %s %s', 'LC_MEASUREMENT': 'de_DE.UTF-8', 'GPG_AGENT_INFO': '/run/user/1001/gnupg/S.gpg-agent:0:1', 'LC_IDENTIFICATION': 'de_DE.UTF-8', 'QT_IM_MODULE': 'ibus', 'PWD': '/home/palinauskas/Documents/fortiss_repo/mujoco-eleanor/ROS2/build/mujoco_sim', 'LC_ALL': 'en_US.UTF-8', 'XDG_CONFIG_DIRS': '/etc/xdg/xdg-ubuntu:/etc/xdg', 'CONDA_EXE': '/home/palinauskas/anaconda3/bin/conda', 'XDG_DATA_DIRS': '/usr/share/ubuntu:/usr/local/share/:/usr/share/:/var/lib/snapd/desktop', 'PYTHONPATH': '/home/palinauskas/Documents/fortiss_repo/mujoco-eleanor/ROS2/build/mujoco_sim/prefix_override:/home/palinauskas/Documents/fortiss_repo/mujoco-eleanor/ROS2/install/mujoco_sim/lib/python3.8/site-packages:/home/palinauskas/Documents/fortiss_repo/mujoco-eleanor/ROS2/install/controller_interface/lib/python3.8/site-packages:/home/palinauskas/Documents/fortiss_repo/mujoco-eleanor/ROS2/install/camera_event_data_interface/lib/python3.8/site-packages:/opt/ros/galactic/lib/python3.8/site-packages', 'HOMEBREW_REPOSITORY': '/home/linuxbrew/.linuxbrew/Homebrew', 'LC_NUMERIC': 'de_DE.UTF-8', 'LC_PAPER': 'de_DE.UTF-8', 'COLCON': '1', 'MANPATH': '/home/linuxbrew/.linuxbrew/share/man:', 'VTE_VERSION': '6003', 'CMAKE_PREFIX_PATH': '/home/palinauskas/Documents/fortiss_repo/mujoco-eleanor/ROS2/install/controller_interface:/home/palinauskas/Documents/fortiss_repo/mujoco-eleanor/ROS2/install/camera_event_data_interface'}, 'shell': False}
[9.526081] (-) TimerEvent: {}
[9.617070] (mujoco_sim) StdoutLine: {'line': b'running egg_info\n'}
[9.617308] (mujoco_sim) StdoutLine: {'line': b'creating ../../build/mujoco_sim/mujoco_sim.egg-info\n'}
[9.617483] (mujoco_sim) StdoutLine: {'line': b'writing ../../build/mujoco_sim/mujoco_sim.egg-info/PKG-INFO\n'}
[9.617647] (mujoco_sim) StdoutLine: {'line': b'writing dependency_links to ../../build/mujoco_sim/mujoco_sim.egg-info/dependency_links.txt\n'}
[9.617751] (mujoco_sim) StdoutLine: {'line': b'writing entry points to ../../build/mujoco_sim/mujoco_sim.egg-info/entry_points.txt\n'}
[9.617858] (mujoco_sim) StdoutLine: {'line': b'writing requirements to ../../build/mujoco_sim/mujoco_sim.egg-info/requires.txt\n'}
[9.617930] (mujoco_sim) StdoutLine: {'line': b'writing top-level names to ../../build/mujoco_sim/mujoco_sim.egg-info/top_level.txt\n'}
[9.624581] (mujoco_egen) StdoutLine: {'line': b'running egg_info\n'}
[9.624929] (mujoco_egen) StdoutLine: {'line': b'creating ../../build/mujoco_egen/mujoco_egen.egg-info\n'}
[9.625092] (mujoco_egen) StdoutLine: {'line': b'writing ../../build/mujoco_egen/mujoco_egen.egg-info/PKG-INFO\n'}
[9.625295] (mujoco_egen) StdoutLine: {'line': b'writing dependency_links to ../../build/mujoco_egen/mujoco_egen.egg-info/dependency_links.txt\n'}
[9.625419] (mujoco_egen) StdoutLine: {'line': b'writing entry points to ../../build/mujoco_egen/mujoco_egen.egg-info/entry_points.txt\n'}
[9.625526] (mujoco_egen) StdoutLine: {'line': b'writing requirements to ../../build/mujoco_egen/mujoco_egen.egg-info/requires.txt\n'}
[9.625618] (mujoco_egen) StdoutLine: {'line': b'writing top-level names to ../../build/mujoco_egen/mujoco_egen.egg-info/top_level.txt\n'}
[9.626135] (-) TimerEvent: {}
[9.627092] (mujoco_egen) StdoutLine: {'line': b"writing manifest file '../../build/mujoco_egen/mujoco_egen.egg-info/SOURCES.txt'\n"}
[9.627218] (mujoco_sim) StdoutLine: {'line': b"writing manifest file '../../build/mujoco_sim/mujoco_sim.egg-info/SOURCES.txt'\n"}
[9.648770] (mujoco_sim) StdoutLine: {'line': b"reading manifest file '../../build/mujoco_sim/mujoco_sim.egg-info/SOURCES.txt'\n"}
[9.648909] (mujoco_egen) StdoutLine: {'line': b"reading manifest file '../../build/mujoco_egen/mujoco_egen.egg-info/SOURCES.txt'\n"}
[9.649338] (mujoco_sim) StdoutLine: {'line': b"writing manifest file '../../build/mujoco_sim/mujoco_sim.egg-info/SOURCES.txt'\n"}
[9.649492] (mujoco_sim) StdoutLine: {'line': b'running build\n'}
[9.649584] (mujoco_sim) StdoutLine: {'line': b'running build_py\n'}
[9.649819] (mujoco_egen) StdoutLine: {'line': b"writing manifest file '../../build/mujoco_egen/mujoco_egen.egg-info/SOURCES.txt'\n"}
[9.649957] (mujoco_egen) StdoutLine: {'line': b'running build\n'}
[9.650021] (mujoco_egen) StdoutLine: {'line': b'running build_py\n'}
[9.650100] (mujoco_sim) StdoutLine: {'line': b'creating /home/palinauskas/Documents/fortiss_repo/mujoco-eleanor/ROS2/build/mujoco_sim/build\n'}
[9.650189] (mujoco_sim) StdoutLine: {'line': b'creating /home/palinauskas/Documents/fortiss_repo/mujoco-eleanor/ROS2/build/mujoco_sim/build/lib\n'}
[9.650252] (mujoco_egen) StdoutLine: {'line': b'creating /home/palinauskas/Documents/fortiss_repo/mujoco-eleanor/ROS2/build/mujoco_egen/build\n'}
[9.650296] (mujoco_sim) StdoutLine: {'line': b'creating /home/palinauskas/Documents/fortiss_repo/mujoco-eleanor/ROS2/build/mujoco_sim/build/lib/mujoco_sim\n'}
[9.650339] (mujoco_egen) StdoutLine: {'line': b'creating /home/palinauskas/Documents/fortiss_repo/mujoco-eleanor/ROS2/build/mujoco_egen/build/lib\n'}
[9.650381] (mujoco_egen) StdoutLine: {'line': b'creating /home/palinauskas/Documents/fortiss_repo/mujoco-eleanor/ROS2/build/mujoco_egen/build/lib/mujoco_egen\n'}
[9.650493] (mujoco_sim) StdoutLine: {'line': b'copying mujoco_sim/impedance_controller_server.py -> /home/palinauskas/Documents/fortiss_repo/mujoco-eleanor/ROS2/build/mujoco_sim/build/lib/mujoco_sim\n'}
[9.650620] (mujoco_egen) StdoutLine: {'line': b'copying mujoco_egen/impedance_controller_server.py -> /home/palinauskas/Documents/fortiss_repo/mujoco-eleanor/ROS2/build/mujoco_egen/build/lib/mujoco_egen\n'}
[9.650715] (mujoco_sim) StdoutLine: {'line': b'copying mujoco_sim/camera_events_publisher.py -> /home/palinauskas/Documents/fortiss_repo/mujoco-eleanor/ROS2/build/mujoco_sim/build/lib/mujoco_sim\n'}
[9.650757] (mujoco_egen) StdoutLine: {'line': b'copying mujoco_egen/__init__.py -> /home/palinauskas/Documents/fortiss_repo/mujoco-eleanor/ROS2/build/mujoco_egen/build/lib/mujoco_egen\n'}
[9.650813] (mujoco_sim) StdoutLine: {'line': b'copying mujoco_sim/__init__.py -> /home/palinauskas/Documents/fortiss_repo/mujoco-eleanor/ROS2/build/mujoco_sim/build/lib/mujoco_sim\n'}
[9.650858] (mujoco_egen) StdoutLine: {'line': b'creating /home/palinauskas/Documents/fortiss_repo/mujoco-eleanor/ROS2/build/mujoco_egen/build/lib/mujoco_egen/controllers\n'}
[9.650940] (mujoco_egen) StdoutLine: {'line': b'copying mujoco_egen/controllers/__init__.py -> /home/palinauskas/Documents/fortiss_repo/mujoco-eleanor/ROS2/build/mujoco_egen/build/lib/mujoco_egen/controllers\n'}
[9.651011] (mujoco_sim) StdoutLine: {'line': b'creating /home/palinauskas/Documents/fortiss_repo/mujoco-eleanor/ROS2/build/mujoco_sim/build/lib/mujoco_sim/controllers\n'}
[9.651057] (mujoco_sim) StdoutLine: {'line': b'copying mujoco_sim/controllers/__init__.py -> /home/palinauskas/Documents/fortiss_repo/mujoco-eleanor/ROS2/build/mujoco_sim/build/lib/mujoco_sim/controllers\n'}
[9.651099] (mujoco_egen) StdoutLine: {'line': b'copying mujoco_egen/controllers/full_impedance_controller.py -> /home/palinauskas/Documents/fortiss_repo/mujoco-eleanor/ROS2/build/mujoco_egen/build/lib/mujoco_egen/controllers\n'}
[9.651202] (mujoco_sim) StdoutLine: {'line': b'copying mujoco_sim/controllers/full_impedance_controller.py -> /home/palinauskas/Documents/fortiss_repo/mujoco-eleanor/ROS2/build/mujoco_sim/build/lib/mujoco_sim/controllers\n'}
[9.651257] (mujoco_egen) StdoutLine: {'line': b'copying mujoco_egen/controllers/base_controller.py -> /home/palinauskas/Documents/fortiss_repo/mujoco-eleanor/ROS2/build/mujoco_egen/build/lib/mujoco_egen/controllers\n'}
[9.651299] (mujoco_egen) StdoutLine: {'line': b'creating /home/palinauskas/Documents/fortiss_repo/mujoco-eleanor/ROS2/build/mujoco_egen/build/lib/mujoco_egen/utils\n'}
[9.651337] (mujoco_sim) StdoutLine: {'line': b'copying mujoco_sim/controllers/base_controller.py -> /home/palinauskas/Documents/fortiss_repo/mujoco-eleanor/ROS2/build/mujoco_sim/build/lib/mujoco_sim/controllers\n'}
[9.651375] (mujoco_sim) StdoutLine: {'line': b'creating /home/palinauskas/Documents/fortiss_repo/mujoco-eleanor/ROS2/build/mujoco_sim/build/lib/mujoco_sim/utils\n'}
[9.651416] (mujoco_egen) StdoutLine: {'line': b'copying mujoco_egen/utils/kinematics.py -> /home/palinauskas/Documents/fortiss_repo/mujoco-eleanor/ROS2/build/mujoco_egen/build/lib/mujoco_egen/utils\n'}
[9.651456] (mujoco_sim) StdoutLine: {'line': b'copying mujoco_sim/utils/kinematics.py -> /home/palinauskas/Documents/fortiss_repo/mujoco-eleanor/ROS2/build/mujoco_sim/build/lib/mujoco_sim/utils\n'}
[9.651494] (mujoco_egen) StdoutLine: {'line': b'copying mujoco_egen/utils/__init__.py -> /home/palinauskas/Documents/fortiss_repo/mujoco-eleanor/ROS2/build/mujoco_egen/build/lib/mujoco_egen/utils\n'}
[9.651532] (mujoco_sim) StdoutLine: {'line': b'copying mujoco_sim/utils/__init__.py -> /home/palinauskas/Documents/fortiss_repo/mujoco-eleanor/ROS2/build/mujoco_sim/build/lib/mujoco_sim/utils\n'}
[9.651574] (mujoco_egen) StdoutLine: {'line': b'copying mujoco_egen/utils/mujoco_utils.py -> /home/palinauskas/Documents/fortiss_repo/mujoco-eleanor/ROS2/build/mujoco_egen/build/lib/mujoco_egen/utils\n'}
[9.651624] (mujoco_sim) StdoutLine: {'line': b'copying mujoco_sim/utils/mujoco_utils.py -> /home/palinauskas/Documents/fortiss_repo/mujoco-eleanor/ROS2/build/mujoco_sim/build/lib/mujoco_sim/utils\n'}
[9.651674] (mujoco_egen) StdoutLine: {'line': b'copying mujoco_egen/utils/read_cfg.py -> /home/palinauskas/Documents/fortiss_repo/mujoco-eleanor/ROS2/build/mujoco_egen/build/lib/mujoco_egen/utils\n'}
[9.651728] (mujoco_sim) StdoutLine: {'line': b'copying mujoco_sim/utils/read_cfg.py -> /home/palinauskas/Documents/fortiss_repo/mujoco-eleanor/ROS2/build/mujoco_sim/build/lib/mujoco_sim/utils\n'}
[9.651784] (mujoco_egen) StdoutLine: {'line': b'copying mujoco_egen/utils/test_quaternions.py -> /home/palinauskas/Documents/fortiss_repo/mujoco-eleanor/ROS2/build/mujoco_egen/build/lib/mujoco_egen/utils\n'}
[9.651842] (mujoco_egen) StdoutLine: {'line': b'copying mujoco_egen/utils/test_ConfigReader.py -> /home/palinauskas/Documents/fortiss_repo/mujoco-eleanor/ROS2/build/mujoco_egen/build/lib/mujoco_egen/utils\n'}
[9.651884] (mujoco_sim) StdoutLine: {'line': b'copying mujoco_sim/utils/quaternion.py -> /home/palinauskas/Documents/fortiss_repo/mujoco-eleanor/ROS2/build/mujoco_sim/build/lib/mujoco_sim/utils\n'}
[9.651923] (mujoco_sim) StdoutLine: {'line': b'creating /home/palinauskas/Documents/fortiss_repo/mujoco-eleanor/ROS2/build/mujoco_sim/build/lib/mujoco_sim/mujoco_env\n'}
[9.651961] (mujoco_egen) StdoutLine: {'line': b'copying mujoco_egen/utils/quaternion.py -> /home/palinauskas/Documents/fortiss_repo/mujoco-eleanor/ROS2/build/mujoco_egen/build/lib/mujoco_egen/utils\n'}
[9.651998] (mujoco_sim) StdoutLine: {'line': b'copying mujoco_sim/mujoco_env/im_mujoco_env.py -> /home/palinauskas/Documents/fortiss_repo/mujoco-eleanor/ROS2/build/mujoco_sim/build/lib/mujoco_sim/mujoco_env\n'}
[9.652055] (mujoco_egen) StdoutLine: {'line': b'creating /home/palinauskas/Documents/fortiss_repo/mujoco-eleanor/ROS2/build/mujoco_egen/build/lib/mujoco_egen/mujoco_env\n'}
[9.652204] (mujoco_sim) StdoutLine: {'line': b'copying mujoco_sim/mujoco_env/simple_mujoco_env.py -> /home/palinauskas/Documents/fortiss_repo/mujoco-eleanor/ROS2/build/mujoco_sim/build/lib/mujoco_sim/mujoco_env\n'}
[9.652254] (mujoco_egen) StdoutLine: {'line': b'copying mujoco_egen/mujoco_env/im_mujoco_env.py -> /home/palinauskas/Documents/fortiss_repo/mujoco-eleanor/ROS2/build/mujoco_egen/build/lib/mujoco_egen/mujoco_env\n'}
[9.652310] (mujoco_sim) StdoutLine: {'line': b'copying mujoco_sim/mujoco_env/__init__.py -> /home/palinauskas/Documents/fortiss_repo/mujoco-eleanor/ROS2/build/mujoco_sim/build/lib/mujoco_sim/mujoco_env\n'}
[9.652368] (mujoco_egen) StdoutLine: {'line': b'copying mujoco_egen/mujoco_env/__init__.py -> /home/palinauskas/Documents/fortiss_repo/mujoco-eleanor/ROS2/build/mujoco_egen/build/lib/mujoco_egen/mujoco_env\n'}
[9.652449] (mujoco_sim) StdoutLine: {'line': b'creating /home/palinauskas/Documents/fortiss_repo/mujoco-eleanor/ROS2/build/mujoco_sim/build/lib/mujoco_sim/cfg\n'}
[9.652494] (mujoco_sim) StdoutLine: {'line': b'copying mujoco_sim/cfg/cfg.yaml -> /home/palinauskas/Documents/fortiss_repo/mujoco-eleanor/ROS2/build/mujoco_sim/build/lib/mujoco_sim/cfg\n'}
[9.652537] (mujoco_egen) StdoutLine: {'line': b'creating /home/palinauskas/Documents/fortiss_repo/mujoco-eleanor/ROS2/build/mujoco_egen/build/lib/mujoco_egen/cfg\n'}
[9.652590] (mujoco_egen) StdoutLine: {'line': b'copying mujoco_egen/cfg/cfg.yaml -> /home/palinauskas/Documents/fortiss_repo/mujoco-eleanor/ROS2/build/mujoco_egen/build/lib/mujoco_egen/cfg\n'}
[9.652637] (mujoco_egen) StdoutLine: {'line': b'creating /home/palinauskas/Documents/fortiss_repo/mujoco-eleanor/ROS2/build/mujoco_egen/build/lib/mujoco_egen/kuka\n'}
[9.652677] (mujoco_egen) StdoutLine: {'line': b'creating /home/palinauskas/Documents/fortiss_repo/mujoco-eleanor/ROS2/build/mujoco_egen/build/lib/mujoco_egen/kuka/meshes\n'}
[9.652716] (mujoco_sim) StdoutLine: {'line': b'creating /home/palinauskas/Documents/fortiss_repo/mujoco-eleanor/ROS2/build/mujoco_sim/build/lib/mujoco_sim/kuka\n'}
[9.652763] (mujoco_egen) StdoutLine: {'line': b'copying mujoco_egen/kuka/meshes/hdmi2.stl -> /home/palinauskas/Documents/fortiss_repo/mujoco-eleanor/ROS2/build/mujoco_egen/build/lib/mujoco_egen/kuka/meshes\n'}
[9.652816] (mujoco_sim) StdoutLine: {'line': b'creating /home/palinauskas/Documents/fortiss_repo/mujoco-eleanor/ROS2/build/mujoco_sim/build/lib/mujoco_sim/kuka/meshes\n'}
[9.652869] (mujoco_sim) StdoutLine: {'line': b'copying mujoco_sim/kuka/meshes/hdmi2.stl -> /home/palinauskas/Documents/fortiss_repo/mujoco-eleanor/ROS2/build/mujoco_sim/build/lib/mujoco_sim/kuka/meshes\n'}
[9.653533] (mujoco_egen) StdoutLine: {'line': b'copying mujoco_egen/kuka/meshes/kuka_link_5.stl -> /home/palinauskas/Documents/fortiss_repo/mujoco-eleanor/ROS2/build/mujoco_egen/build/lib/mujoco_egen/kuka/meshes\n'}
[9.653640] (mujoco_sim) StdoutLine: {'line': b'copying mujoco_sim/kuka/meshes/kuka_link_5.stl -> /home/palinauskas/Documents/fortiss_repo/mujoco-eleanor/ROS2/build/mujoco_sim/build/lib/mujoco_sim/kuka/meshes\n'}
[9.654722] (mujoco_egen) StdoutLine: {'line': b'copying mujoco_egen/kuka/meshes/hdmi.stl -> /home/palinauskas/Documents/fortiss_repo/mujoco-eleanor/ROS2/build/mujoco_egen/build/lib/mujoco_egen/kuka/meshes\n'}
[9.654922] (mujoco_sim) StdoutLine: {'line': b'copying mujoco_sim/kuka/meshes/hdmi.stl -> /home/palinauskas/Documents/fortiss_repo/mujoco-eleanor/ROS2/build/mujoco_sim/build/lib/mujoco_sim/kuka/meshes\n'}
[9.655654] (mujoco_egen) StdoutLine: {'line': b'copying mujoco_egen/kuka/meshes/vga2.stl -> /home/palinauskas/Documents/fortiss_repo/mujoco-eleanor/ROS2/build/mujoco_egen/build/lib/mujoco_egen/kuka/meshes\n'}
[9.656491] (mujoco_sim) StdoutLine: {'line': b'copying mujoco_sim/kuka/meshes/vga2.stl -> /home/palinauskas/Documents/fortiss_repo/mujoco-eleanor/ROS2/build/mujoco_sim/build/lib/mujoco_sim/kuka/meshes\n'}
[9.658483] (mujoco_egen) StdoutLine: {'line': b'copying mujoco_egen/kuka/meshes/hole21.stl -> /home/palinauskas/Documents/fortiss_repo/mujoco-eleanor/ROS2/build/mujoco_egen/build/lib/mujoco_egen/kuka/meshes\n'}
[9.658672] (mujoco_egen) StdoutLine: {'line': b'copying mujoco_egen/kuka/meshes/kuka_link_6.stl -> /home/palinauskas/Documents/fortiss_repo/mujoco-eleanor/ROS2/build/mujoco_egen/build/lib/mujoco_egen/kuka/meshes\n'}
[9.658808] (mujoco_sim) StdoutLine: {'line': b'copying mujoco_sim/kuka/meshes/hole21.stl -> /home/palinauskas/Documents/fortiss_repo/mujoco-eleanor/ROS2/build/mujoco_sim/build/lib/mujoco_sim/kuka/meshes\n'}
[9.658988] (mujoco_sim) StdoutLine: {'line': b'copying mujoco_sim/kuka/meshes/kuka_link_6.stl -> /home/palinauskas/Documents/fortiss_repo/mujoco-eleanor/ROS2/build/mujoco_sim/build/lib/mujoco_sim/kuka/meshes\n'}
[9.659571] (mujoco_egen) StdoutLine: {'line': b'copying mujoco_egen/kuka/meshes/tool_cylinder1.stl -> /home/palinauskas/Documents/fortiss_repo/mujoco-eleanor/ROS2/build/mujoco_egen/build/lib/mujoco_egen/kuka/meshes\n'}
[9.659859] (mujoco_egen) StdoutLine: {'line': b'copying mujoco_egen/kuka/meshes/hole.stl -> /home/palinauskas/Documents/fortiss_repo/mujoco-eleanor/ROS2/build/mujoco_egen/build/lib/mujoco_egen/kuka/meshes\n'}
[9.659952] (mujoco_sim) StdoutLine: {'line': b'copying mujoco_sim/kuka/meshes/tool_cylinder1.stl -> /home/palinauskas/Documents/fortiss_repo/mujoco-eleanor/ROS2/build/mujoco_sim/build/lib/mujoco_sim/kuka/meshes\n'}
[9.660105] (mujoco_egen) StdoutLine: {'line': b'copying mujoco_egen/kuka/meshes/tool_cylinder.stl -> /home/palinauskas/Documents/fortiss_repo/mujoco-eleanor/ROS2/build/mujoco_egen/build/lib/mujoco_egen/kuka/meshes\n'}
[9.660256] (mujoco_sim) StdoutLine: {'line': b'copying mujoco_sim/kuka/meshes/hole.stl -> /home/palinauskas/Documents/fortiss_repo/mujoco-eleanor/ROS2/build/mujoco_sim/build/lib/mujoco_sim/kuka/meshes\n'}
[9.660654] (mujoco_sim) StdoutLine: {'line': b'copying mujoco_sim/kuka/meshes/tool_cylinder.stl -> /home/palinauskas/Documents/fortiss_repo/mujoco-eleanor/ROS2/build/mujoco_sim/build/lib/mujoco_sim/kuka/meshes\n'}
[9.660979] (mujoco_egen) StdoutLine: {'line': b'copying mujoco_egen/kuka/meshes/hole24.stl -> /home/palinauskas/Documents/fortiss_repo/mujoco-eleanor/ROS2/build/mujoco_egen/build/lib/mujoco_egen/kuka/meshes\n'}
[9.661165] (mujoco_egen) StdoutLine: {'line': b'copying mujoco_egen/kuka/meshes/kuka_link_4.stl -> /home/palinauskas/Documents/fortiss_repo/mujoco-eleanor/ROS2/build/mujoco_egen/build/lib/mujoco_egen/kuka/meshes\n'}
[9.661498] (mujoco_sim) StdoutLine: {'line': b'copying mujoco_sim/kuka/meshes/hole24.stl -> /home/palinauskas/Documents/fortiss_repo/mujoco-eleanor/ROS2/build/mujoco_sim/build/lib/mujoco_sim/kuka/meshes\n'}
[9.661738] (mujoco_sim) StdoutLine: {'line': b'copying mujoco_sim/kuka/meshes/kuka_link_4.stl -> /home/palinauskas/Documents/fortiss_repo/mujoco-eleanor/ROS2/build/mujoco_sim/build/lib/mujoco_sim/kuka/meshes\n'}
[9.662782] (mujoco_egen) StdoutLine: {'line': b'copying mujoco_egen/kuka/meshes/hole23.stl -> /home/palinauskas/Documents/fortiss_repo/mujoco-eleanor/ROS2/build/mujoco_egen/build/lib/mujoco_egen/kuka/meshes\n'}
[9.663057] (mujoco_egen) StdoutLine: {'line': b'copying mujoco_egen/kuka/meshes/kuka_link_2.stl -> /home/palinauskas/Documents/fortiss_repo/mujoco-eleanor/ROS2/build/mujoco_egen/build/lib/mujoco_egen/kuka/meshes\n'}
[9.663198] (mujoco_sim) StdoutLine: {'line': b'copying mujoco_sim/kuka/meshes/hole23.stl -> /home/palinauskas/Documents/fortiss_repo/mujoco-eleanor/ROS2/build/mujoco_sim/build/lib/mujoco_sim/kuka/meshes\n'}
[9.663385] (mujoco_sim) StdoutLine: {'line': b'copying mujoco_sim/kuka/meshes/kuka_link_2.stl -> /home/palinauskas/Documents/fortiss_repo/mujoco-eleanor/ROS2/build/mujoco_sim/build/lib/mujoco_sim/kuka/meshes\n'}
[9.664173] (mujoco_egen) StdoutLine: {'line': b'copying mujoco_egen/kuka/meshes/cylinder_triangular_hole.stl -> /home/palinauskas/Documents/fortiss_repo/mujoco-eleanor/ROS2/build/mujoco_egen/build/lib/mujoco_egen/kuka/meshes\n'}
[9.664414] (mujoco_sim) StdoutLine: {'line': b'copying mujoco_sim/kuka/meshes/cylinder_triangular_hole.stl -> /home/palinauskas/Documents/fortiss_repo/mujoco-eleanor/ROS2/build/mujoco_sim/build/lib/mujoco_sim/kuka/meshes\n'}
[9.664631] (mujoco_egen) StdoutLine: {'line': b'copying mujoco_egen/kuka/meshes/usb.stl -> /home/palinauskas/Documents/fortiss_repo/mujoco-eleanor/ROS2/build/mujoco_egen/build/lib/mujoco_egen/kuka/meshes\n'}
[9.664870] (mujoco_sim) StdoutLine: {'line': b'copying mujoco_sim/kuka/meshes/usb.stl -> /home/palinauskas/Documents/fortiss_repo/mujoco-eleanor/ROS2/build/mujoco_sim/build/lib/mujoco_sim/kuka/meshes\n'}
[9.665135] (mujoco_egen) StdoutLine: {'line': b'copying mujoco_egen/kuka/meshes/hole22.stl -> /home/palinauskas/Documents/fortiss_repo/mujoco-eleanor/ROS2/build/mujoco_egen/build/lib/mujoco_egen/kuka/meshes\n'}
[9.665313] (mujoco_egen) StdoutLine: {'line': b'copying mujoco_egen/kuka/meshes/hole20.stl -> /home/palinauskas/Documents/fortiss_repo/mujoco-eleanor/ROS2/build/mujoco_egen/build/lib/mujoco_egen/kuka/meshes\n'}
[9.665385] (mujoco_sim) StdoutLine: {'line': b'copying mujoco_sim/kuka/meshes/hole22.stl -> /home/palinauskas/Documents/fortiss_repo/mujoco-eleanor/ROS2/build/mujoco_sim/build/lib/mujoco_sim/kuka/meshes\n'}
[9.665502] (mujoco_egen) StdoutLine: {'line': b'copying mujoco_egen/kuka/meshes/__init__.py -> /home/palinauskas/Documents/fortiss_repo/mujoco-eleanor/ROS2/build/mujoco_egen/build/lib/mujoco_egen/kuka/meshes\n'}
[9.665605] (mujoco_sim) StdoutLine: {'line': b'copying mujoco_sim/kuka/meshes/hole20.stl -> /home/palinauskas/Documents/fortiss_repo/mujoco-eleanor/ROS2/build/mujoco_sim/build/lib/mujoco_sim/kuka/meshes\n'}
[9.665664] (mujoco_egen) StdoutLine: {'line': b'copying mujoco_egen/kuka/meshes/table.dae -> /home/palinauskas/Documents/fortiss_repo/mujoco-eleanor/ROS2/build/mujoco_egen/build/lib/mujoco_egen/kuka/meshes\n'}
[9.665773] (mujoco_sim) StdoutLine: {'line': b'copying mujoco_sim/kuka/meshes/__init__.py -> /home/palinauskas/Documents/fortiss_repo/mujoco-eleanor/ROS2/build/mujoco_sim/build/lib/mujoco_sim/kuka/meshes\n'}
[9.665861] (mujoco_sim) StdoutLine: {'line': b'copying mujoco_sim/kuka/meshes/table.dae -> /home/palinauskas/Documents/fortiss_repo/mujoco-eleanor/ROS2/build/mujoco_sim/build/lib/mujoco_sim/kuka/meshes\n'}
[9.668097] (mujoco_egen) StdoutLine: {'line': b'copying mujoco_egen/kuka/meshes/simple_shapes.stl -> /home/palinauskas/Documents/fortiss_repo/mujoco-eleanor/ROS2/build/mujoco_egen/build/lib/mujoco_egen/kuka/meshes\n'}
[9.669212] (mujoco_egen) StdoutLine: {'line': b'copying mujoco_egen/kuka/meshes/table.stl -> /home/palinauskas/Documents/fortiss_repo/mujoco-eleanor/ROS2/build/mujoco_egen/build/lib/mujoco_egen/kuka/meshes\n'}
[9.669435] (mujoco_sim) StdoutLine: {'line': b'copying mujoco_sim/kuka/meshes/simple_shapes.stl -> /home/palinauskas/Documents/fortiss_repo/mujoco-eleanor/ROS2/build/mujoco_sim/build/lib/mujoco_sim/kuka/meshes\n'}
[9.670465] (mujoco_sim) StdoutLine: {'line': b'copying mujoco_sim/kuka/meshes/table.stl -> /home/palinauskas/Documents/fortiss_repo/mujoco-eleanor/ROS2/build/mujoco_sim/build/lib/mujoco_sim/kuka/meshes\n'}
[9.671312] (mujoco_egen) StdoutLine: {'line': b'copying mujoco_egen/kuka/meshes/kuka_link_1.stl -> /home/palinauskas/Documents/fortiss_repo/mujoco-eleanor/ROS2/build/mujoco_egen/build/lib/mujoco_egen/kuka/meshes\n'}
[9.672496] (mujoco_egen) StdoutLine: {'line': b'copying mujoco_egen/kuka/meshes/kuka_link_7.stl -> /home/palinauskas/Documents/fortiss_repo/mujoco-eleanor/ROS2/build/mujoco_egen/build/lib/mujoco_egen/kuka/meshes\n'}
[9.672599] (mujoco_sim) StdoutLine: {'line': b'copying mujoco_sim/kuka/meshes/kuka_link_1.stl -> /home/palinauskas/Documents/fortiss_repo/mujoco-eleanor/ROS2/build/mujoco_sim/build/lib/mujoco_sim/kuka/meshes\n'}
[9.673595] (mujoco_sim) StdoutLine: {'line': b'copying mujoco_sim/kuka/meshes/kuka_link_7.stl -> /home/palinauskas/Documents/fortiss_repo/mujoco-eleanor/ROS2/build/mujoco_sim/build/lib/mujoco_sim/kuka/meshes\n'}
[9.675660] (mujoco_egen) StdoutLine: {'line': b'copying mujoco_egen/kuka/meshes/tool_cylinder0.stl -> /home/palinauskas/Documents/fortiss_repo/mujoco-eleanor/ROS2/build/mujoco_egen/build/lib/mujoco_egen/kuka/meshes\n'}
[9.676566] (mujoco_egen) StdoutLine: {'line': b'copying mujoco_egen/kuka/meshes/vga.stl -> /home/palinauskas/Documents/fortiss_repo/mujoco-eleanor/ROS2/build/mujoco_egen/build/lib/mujoco_egen/kuka/meshes\n'}
[9.676951] (mujoco_sim) StdoutLine: {'line': b'copying mujoco_sim/kuka/meshes/tool_cylinder0.stl -> /home/palinauskas/Documents/fortiss_repo/mujoco-eleanor/ROS2/build/mujoco_sim/build/lib/mujoco_sim/kuka/meshes\n'}
[9.677825] (mujoco_sim) StdoutLine: {'line': b'copying mujoco_sim/kuka/meshes/vga.stl -> /home/palinauskas/Documents/fortiss_repo/mujoco-eleanor/ROS2/build/mujoco_sim/build/lib/mujoco_sim/kuka/meshes\n'}
[9.679123] (mujoco_egen) StdoutLine: {'line': b'copying mujoco_egen/kuka/meshes/hole3.stl -> /home/palinauskas/Documents/fortiss_repo/mujoco-eleanor/ROS2/build/mujoco_egen/build/lib/mujoco_egen/kuka/meshes\n'}
[9.679419] (mujoco_egen) StdoutLine: {'line': b'copying mujoco_egen/kuka/meshes/hole2.stl -> /home/palinauskas/Documents/fortiss_repo/mujoco-eleanor/ROS2/build/mujoco_egen/build/lib/mujoco_egen/kuka/meshes\n'}
[9.679811] (mujoco_egen) StdoutLine: {'line': b'copying mujoco_egen/kuka/meshes/kuka_link_3.stl -> /home/palinauskas/Documents/fortiss_repo/mujoco-eleanor/ROS2/build/mujoco_egen/build/lib/mujoco_egen/kuka/meshes\n'}
[9.680299] (mujoco_sim) StdoutLine: {'line': b'copying mujoco_sim/kuka/meshes/hole3.stl -> /home/palinauskas/Documents/fortiss_repo/mujoco-eleanor/ROS2/build/mujoco_sim/build/lib/mujoco_sim/kuka/meshes\n'}
[9.680817] (mujoco_sim) StdoutLine: {'line': b'copying mujoco_sim/kuka/meshes/hole2.stl -> /home/palinauskas/Documents/fortiss_repo/mujoco-eleanor/ROS2/build/mujoco_sim/build/lib/mujoco_sim/kuka/meshes\n'}
[9.681124] (mujoco_sim) StdoutLine: {'line': b'copying mujoco_sim/kuka/meshes/kuka_link_3.stl -> /home/palinauskas/Documents/fortiss_repo/mujoco-eleanor/ROS2/build/mujoco_sim/build/lib/mujoco_sim/kuka/meshes\n'}
[9.681176] (mujoco_egen) StdoutLine: {'line': b'copying mujoco_egen/kuka/meshes/simple_shapes1ascii.stl -> /home/palinauskas/Documents/fortiss_repo/mujoco-eleanor/ROS2/build/mujoco_egen/build/lib/mujoco_egen/kuka/meshes\n'}
[9.682334] (mujoco_sim) StdoutLine: {'line': b'copying mujoco_sim/kuka/meshes/simple_shapes1ascii.stl -> /home/palinauskas/Documents/fortiss_repo/mujoco-eleanor/ROS2/build/mujoco_sim/build/lib/mujoco_sim/kuka/meshes\n'}
[9.683168] (mujoco_egen) StdoutLine: {'line': b'copying mujoco_egen/kuka/meshes/usb2.stl -> /home/palinauskas/Documents/fortiss_repo/mujoco-eleanor/ROS2/build/mujoco_egen/build/lib/mujoco_egen/kuka/meshes\n'}
[9.683755] (mujoco_egen) StdoutLine: {'line': b'copying mujoco_egen/kuka/meshes/ethernet.stl -> /home/palinauskas/Documents/fortiss_repo/mujoco-eleanor/ROS2/build/mujoco_egen/build/lib/mujoco_egen/kuka/meshes\n'}
[9.684031] (mujoco_egen) StdoutLine: {'line': b'copying mujoco_egen/kuka/meshes/industrial_sockets.stl -> /home/palinauskas/Documents/fortiss_repo/mujoco-eleanor/ROS2/build/mujoco_egen/build/lib/mujoco_egen/kuka/meshes\n'}
[9.684384] (mujoco_sim) StdoutLine: {'line': b'copying mujoco_sim/kuka/meshes/usb2.stl -> /home/palinauskas/Documents/fortiss_repo/mujoco-eleanor/ROS2/build/mujoco_sim/build/lib/mujoco_sim/kuka/meshes\n'}
[9.684919] (mujoco_sim) StdoutLine: {'line': b'copying mujoco_sim/kuka/meshes/ethernet.stl -> /home/palinauskas/Documents/fortiss_repo/mujoco-eleanor/ROS2/build/mujoco_sim/build/lib/mujoco_sim/kuka/meshes\n'}
[9.685212] (mujoco_sim) StdoutLine: {'line': b'copying mujoco_sim/kuka/meshes/industrial_sockets.stl -> /home/palinauskas/Documents/fortiss_repo/mujoco-eleanor/ROS2/build/mujoco_sim/build/lib/mujoco_sim/kuka/meshes\n'}
[9.688019] (mujoco_egen) StdoutLine: {'line': b'copying mujoco_egen/kuka/meshes/kuka_link_0.stl -> /home/palinauskas/Documents/fortiss_repo/mujoco-eleanor/ROS2/build/mujoco_egen/build/lib/mujoco_egen/kuka/meshes\n'}
[9.689079] (mujoco_egen) StdoutLine: {'line': b'copying mujoco_egen/kuka/meshes/ethernet2.stl -> /home/palinauskas/Documents/fortiss_repo/mujoco-eleanor/ROS2/build/mujoco_egen/build/lib/mujoco_egen/kuka/meshes\n'}
[9.689407] (mujoco_egen) StdoutLine: {'line': b'copying mujoco_egen/kuka/full_kuka_INRC3_mounted_camera.xml -> /home/palinauskas/Documents/fortiss_repo/mujoco-eleanor/ROS2/build/mujoco_egen/build/lib/mujoco_egen/kuka\n'}
[9.689757] (mujoco_egen) StdoutLine: {'line': b'copying mujoco_egen/kuka/full_kuka_INRC3_mounted_camera_ethernet.xml -> /home/palinauskas/Documents/fortiss_repo/mujoco-eleanor/ROS2/build/mujoco_egen/build/lib/mujoco_egen/kuka\n'}
[9.689956] (mujoco_egen) StdoutLine: {'line': b'copying mujoco_egen/kuka/full_kuka_INRC3_mounted_camera_hole.xml -> /home/palinauskas/Documents/fortiss_repo/mujoco-eleanor/ROS2/build/mujoco_egen/build/lib/mujoco_egen/kuka\n'}
[9.690205] (mujoco_egen) StdoutLine: {'line': b'copying mujoco_egen/kuka/full_kuka_INRC3_mounted_camera_vga.xml -> /home/palinauskas/Documents/fortiss_repo/mujoco-eleanor/ROS2/build/mujoco_egen/build/lib/mujoco_egen/kuka\n'}
[9.690447] (mujoco_egen) StdoutLine: {'line': b'copying mujoco_egen/kuka/full_kuka_INRC3_mounted_camera_usb.xml -> /home/palinauskas/Documents/fortiss_repo/mujoco-eleanor/ROS2/build/mujoco_egen/build/lib/mujoco_egen/kuka\n'}
[9.690645] (mujoco_egen) StdoutLine: {'line': b'copying mujoco_egen/kuka/kuka_assets.xml -> /home/palinauskas/Documents/fortiss_repo/mujoco-eleanor/ROS2/build/mujoco_egen/build/lib/mujoco_egen/kuka\n'}
[9.690731] (mujoco_sim) StdoutLine: {'line': b'copying mujoco_sim/kuka/meshes/kuka_link_0.stl -> /home/palinauskas/Documents/fortiss_repo/mujoco-eleanor/ROS2/build/mujoco_sim/build/lib/mujoco_sim/kuka/meshes\n'}
[9.690870] (mujoco_egen) StdoutLine: {'line': b'copying mujoco_egen/kuka/kuka_actuators.xml -> /home/palinauskas/Documents/fortiss_repo/mujoco-eleanor/ROS2/build/mujoco_egen/build/lib/mujoco_egen/kuka\n'}
[9.691072] (mujoco_egen) StdoutLine: {'line': b'copying mujoco_egen/kuka/full_kuka_INRC3_mounted_camera_hdmi.xml -> /home/palinauskas/Documents/fortiss_repo/mujoco-eleanor/ROS2/build/mujoco_egen/build/lib/mujoco_egen/kuka\n'}
[9.691323] (mujoco_egen) StdoutLine: {'line': b'copying mujoco_egen/kuka/kuka_mesh_collision_peg_ee_camera.xml -> /home/palinauskas/Documents/fortiss_repo/mujoco-eleanor/ROS2/build/mujoco_egen/build/lib/mujoco_egen/kuka\n'}
[9.691650] (mujoco_sim) StdoutLine: {'line': b'copying mujoco_sim/kuka/meshes/ethernet2.stl -> /home/palinauskas/Documents/fortiss_repo/mujoco-eleanor/ROS2/build/mujoco_sim/build/lib/mujoco_sim/kuka/meshes\n'}
[9.691900] (mujoco_egen) StdoutLine: {'line': b'running install\n'}
[9.691992] (mujoco_sim) StdoutLine: {'line': b'copying mujoco_sim/kuka/full_kuka_INRC3_mounted_camera.xml -> /home/palinauskas/Documents/fortiss_repo/mujoco-eleanor/ROS2/build/mujoco_sim/build/lib/mujoco_sim/kuka\n'}
[9.692419] (mujoco_sim) StdoutLine: {'line': b'copying mujoco_sim/kuka/full_kuka_INRC3_mounted_camera_ethernet.xml -> /home/palinauskas/Documents/fortiss_repo/mujoco-eleanor/ROS2/build/mujoco_sim/build/lib/mujoco_sim/kuka\n'}
[9.692563] (mujoco_egen) StdoutLine: {'line': b'running install_lib\n'}
[9.692670] (mujoco_sim) StdoutLine: {'line': b'copying mujoco_sim/kuka/full_kuka_INRC3_mounted_camera_hole.xml -> /home/palinauskas/Documents/fortiss_repo/mujoco-eleanor/ROS2/build/mujoco_sim/build/lib/mujoco_sim/kuka\n'}
[9.692885] (mujoco_sim) StdoutLine: {'line': b'copying mujoco_sim/kuka/full_kuka_INRC3_mounted_camera_vga.xml -> /home/palinauskas/Documents/fortiss_repo/mujoco-eleanor/ROS2/build/mujoco_sim/build/lib/mujoco_sim/kuka\n'}
[9.693117] (mujoco_sim) StdoutLine: {'line': b'copying mujoco_sim/kuka/full_kuka_INRC3_mounted_camera_usb.xml -> /home/palinauskas/Documents/fortiss_repo/mujoco-eleanor/ROS2/build/mujoco_sim/build/lib/mujoco_sim/kuka\n'}
[9.693300] (mujoco_sim) StdoutLine: {'line': b'copying mujoco_sim/kuka/kuka_assets.xml -> /home/palinauskas/Documents/fortiss_repo/mujoco-eleanor/ROS2/build/mujoco_sim/build/lib/mujoco_sim/kuka\n'}
[9.693382] (mujoco_egen) StdoutLine: {'line': b'creating /home/palinauskas/Documents/fortiss_repo/mujoco-eleanor/ROS2/install/mujoco_egen/lib/python3.8/site-packages/mujoco_egen\n'}
[9.693470] (mujoco_egen) StdoutLine: {'line': b'creating /home/palinauskas/Documents/fortiss_repo/mujoco-eleanor/ROS2/install/mujoco_egen/lib/python3.8/site-packages/mujoco_egen/kuka\n'}
[9.693567] (mujoco_sim) StdoutLine: {'line': b'copying mujoco_sim/kuka/kuka_actuators.xml -> /home/palinauskas/Documents/fortiss_repo/mujoco-eleanor/ROS2/build/mujoco_sim/build/lib/mujoco_sim/kuka\n'}
[9.693612] (mujoco_egen) StdoutLine: {'line': b'copying /home/palinauskas/Documents/fortiss_repo/mujoco-eleanor/ROS2/build/mujoco_egen/build/lib/mujoco_egen/kuka/full_kuka_INRC3_mounted_camera.xml -> /home/palinauskas/Documents/fortiss_repo/mujoco-eleanor/ROS2/install/mujoco_egen/lib/python3.8/site-packages/mujoco_egen/kuka\n'}
[9.693701] (mujoco_egen) StdoutLine: {'line': b'copying /home/palinauskas/Documents/fortiss_repo/mujoco-eleanor/ROS2/build/mujoco_egen/build/lib/mujoco_egen/kuka/full_kuka_INRC3_mounted_camera_ethernet.xml -> /home/palinauskas/Documents/fortiss_repo/mujoco-eleanor/ROS2/install/mujoco_egen/lib/python3.8/site-packages/mujoco_egen/kuka\n'}
[9.693793] (mujoco_egen) StdoutLine: {'line': b'copying /home/palinauskas/Documents/fortiss_repo/mujoco-eleanor/ROS2/build/mujoco_egen/build/lib/mujoco_egen/kuka/full_kuka_INRC3_mounted_camera_hole.xml -> /home/palinauskas/Documents/fortiss_repo/mujoco-eleanor/ROS2/install/mujoco_egen/lib/python3.8/site-packages/mujoco_egen/kuka\n'}
[9.693849] (mujoco_sim) StdoutLine: {'line': b'copying mujoco_sim/kuka/full_kuka_INRC3_mounted_camera_hdmi.xml -> /home/palinauskas/Documents/fortiss_repo/mujoco-eleanor/ROS2/build/mujoco_sim/build/lib/mujoco_sim/kuka\n'}
[9.693925] (mujoco_egen) StdoutLine: {'line': b'copying /home/palinauskas/Documents/fortiss_repo/mujoco-eleanor/ROS2/build/mujoco_egen/build/lib/mujoco_egen/kuka/full_kuka_INRC3_mounted_camera_vga.xml -> /home/palinauskas/Documents/fortiss_repo/mujoco-eleanor/ROS2/install/mujoco_egen/lib/python3.8/site-packages/mujoco_egen/kuka\n'}
[9.694013] (mujoco_egen) StdoutLine: {'line': b'copying /home/palinauskas/Documents/fortiss_repo/mujoco-eleanor/ROS2/build/mujoco_egen/build/lib/mujoco_egen/kuka/full_kuka_INRC3_mounted_camera_usb.xml -> /home/palinauskas/Documents/fortiss_repo/mujoco-eleanor/ROS2/install/mujoco_egen/lib/python3.8/site-packages/mujoco_egen/kuka\n'}
[9.694057] (mujoco_sim) StdoutLine: {'line': b'copying mujoco_sim/kuka/kuka_mesh_collision_peg_ee_camera.xml -> /home/palinauskas/Documents/fortiss_repo/mujoco-eleanor/ROS2/build/mujoco_sim/build/lib/mujoco_sim/kuka\n'}
[9.694098] (mujoco_egen) StdoutLine: {'line': b'copying /home/palinauskas/Documents/fortiss_repo/mujoco-eleanor/ROS2/build/mujoco_egen/build/lib/mujoco_egen/kuka/kuka_assets.xml -> /home/palinauskas/Documents/fortiss_repo/mujoco-eleanor/ROS2/install/mujoco_egen/lib/python3.8/site-packages/mujoco_egen/kuka\n'}
[9.694188] (mujoco_egen) StdoutLine: {'line': b'creating /home/palinauskas/Documents/fortiss_repo/mujoco-eleanor/ROS2/install/mujoco_egen/lib/python3.8/site-packages/mujoco_egen/kuka/meshes\n'}
[9.694252] (mujoco_egen) StdoutLine: {'line': b'copying /home/palinauskas/Documents/fortiss_repo/mujoco-eleanor/ROS2/build/mujoco_egen/build/lib/mujoco_egen/kuka/meshes/hdmi2.stl -> /home/palinauskas/Documents/fortiss_repo/mujoco-eleanor/ROS2/install/mujoco_egen/lib/python3.8/site-packages/mujoco_egen/kuka/meshes\n'}
[9.694597] (mujoco_sim) StdoutLine: {'line': b'running install\n'}
[9.694695] (mujoco_egen) StdoutLine: {'line': b'copying /home/palinauskas/Documents/fortiss_repo/mujoco-eleanor/ROS2/build/mujoco_egen/build/lib/mujoco_egen/kuka/meshes/kuka_link_5.stl -> /home/palinauskas/Documents/fortiss_repo/mujoco-eleanor/ROS2/install/mujoco_egen/lib/python3.8/site-packages/mujoco_egen/kuka/meshes\n'}
[9.695077] (mujoco_egen) StdoutLine: {'line': b'copying /home/palinauskas/Documents/fortiss_repo/mujoco-eleanor/ROS2/build/mujoco_egen/build/lib/mujoco_egen/kuka/meshes/hdmi.stl -> /home/palinauskas/Documents/fortiss_repo/mujoco-eleanor/ROS2/install/mujoco_egen/lib/python3.8/site-packages/mujoco_egen/kuka/meshes\n'}
[9.695379] (mujoco_sim) StdoutLine: {'line': b'running install_lib\n'}
[9.695476] (mujoco_egen) StdoutLine: {'line': b'copying /home/palinauskas/Documents/fortiss_repo/mujoco-eleanor/ROS2/build/mujoco_egen/build/lib/mujoco_egen/kuka/meshes/vga2.stl -> /home/palinauskas/Documents/fortiss_repo/mujoco-eleanor/ROS2/install/mujoco_egen/lib/python3.8/site-packages/mujoco_egen/kuka/meshes\n'}
[9.696242] (mujoco_sim) StdoutLine: {'line': b'creating /home/palinauskas/Documents/fortiss_repo/mujoco-eleanor/ROS2/install/mujoco_sim/lib/python3.8/site-packages/mujoco_sim\n'}
[9.696354] (mujoco_sim) StdoutLine: {'line': b'creating /home/palinauskas/Documents/fortiss_repo/mujoco-eleanor/ROS2/install/mujoco_sim/lib/python3.8/site-packages/mujoco_sim/kuka\n'}
[9.696481] (mujoco_sim) StdoutLine: {'line': b'copying /home/palinauskas/Documents/fortiss_repo/mujoco-eleanor/ROS2/build/mujoco_sim/build/lib/mujoco_sim/kuka/full_kuka_INRC3_mounted_camera.xml -> /home/palinauskas/Documents/fortiss_repo/mujoco-eleanor/ROS2/install/mujoco_sim/lib/python3.8/site-packages/mujoco_sim/kuka\n'}
[9.696571] (mujoco_egen) StdoutLine: {'line': b'copying /home/palinauskas/Documents/fortiss_repo/mujoco-eleanor/ROS2/build/mujoco_egen/build/lib/mujoco_egen/kuka/meshes/hole21.stl -> /home/palinauskas/Documents/fortiss_repo/mujoco-eleanor/ROS2/install/mujoco_egen/lib/python3.8/site-packages/mujoco_egen/kuka/meshes\n'}
[9.696663] (mujoco_egen) StdoutLine: {'line': b'copying /home/palinauskas/Documents/fortiss_repo/mujoco-eleanor/ROS2/build/mujoco_egen/build/lib/mujoco_egen/kuka/meshes/kuka_link_6.stl -> /home/palinauskas/Documents/fortiss_repo/mujoco-eleanor/ROS2/install/mujoco_egen/lib/python3.8/site-packages/mujoco_egen/kuka/meshes\n'}
[9.696762] (mujoco_sim) StdoutLine: {'line': b'copying /home/palinauskas/Documents/fortiss_repo/mujoco-eleanor/ROS2/build/mujoco_sim/build/lib/mujoco_sim/kuka/full_kuka_INRC3_mounted_camera_ethernet.xml -> /home/palinauskas/Documents/fortiss_repo/mujoco-eleanor/ROS2/install/mujoco_sim/lib/python3.8/site-packages/mujoco_sim/kuka\n'}
[9.696863] (mujoco_sim) StdoutLine: {'line': b'copying /home/palinauskas/Documents/fortiss_repo/mujoco-eleanor/ROS2/build/mujoco_sim/build/lib/mujoco_sim/kuka/full_kuka_INRC3_mounted_camera_hole.xml -> /home/palinauskas/Documents/fortiss_repo/mujoco-eleanor/ROS2/install/mujoco_sim/lib/python3.8/site-packages/mujoco_sim/kuka\n'}
[9.696965] (mujoco_sim) StdoutLine: {'line': b'copying /home/palinauskas/Documents/fortiss_repo/mujoco-eleanor/ROS2/build/mujoco_sim/build/lib/mujoco_sim/kuka/full_kuka_INRC3_mounted_camera_vga.xml -> /home/palinauskas/Documents/fortiss_repo/mujoco-eleanor/ROS2/install/mujoco_sim/lib/python3.8/site-packages/mujoco_sim/kuka\n'}
[9.697049] (mujoco_egen) StdoutLine: {'line': b'copying /home/palinauskas/Documents/fortiss_repo/mujoco-eleanor/ROS2/build/mujoco_egen/build/lib/mujoco_egen/kuka/meshes/tool_cylinder1.stl -> /home/palinauskas/Documents/fortiss_repo/mujoco-eleanor/ROS2/install/mujoco_egen/lib/python3.8/site-packages/mujoco_egen/kuka/meshes\n'}
[9.697127] (mujoco_egen) StdoutLine: {'line': b'copying /home/palinauskas/Documents/fortiss_repo/mujoco-eleanor/ROS2/build/mujoco_egen/build/lib/mujoco_egen/kuka/meshes/hole.stl -> /home/palinauskas/Documents/fortiss_repo/mujoco-eleanor/ROS2/install/mujoco_egen/lib/python3.8/site-packages/mujoco_egen/kuka/meshes\n'}
[9.697186] (mujoco_sim) StdoutLine: {'line': b'copying /home/palinauskas/Documents/fortiss_repo/mujoco-eleanor/ROS2/build/mujoco_sim/build/lib/mujoco_sim/kuka/full_kuka_INRC3_mounted_camera_usb.xml -> /home/palinauskas/Documents/fortiss_repo/mujoco-eleanor/ROS2/install/mujoco_sim/lib/python3.8/site-packages/mujoco_sim/kuka\n'}
[9.697248] (mujoco_egen) StdoutLine: {'line': b'copying /home/palinauskas/Documents/fortiss_repo/mujoco-eleanor/ROS2/build/mujoco_egen/build/lib/mujoco_egen/kuka/meshes/tool_cylinder.stl -> /home/palinauskas/Documents/fortiss_repo/mujoco-eleanor/ROS2/install/mujoco_egen/lib/python3.8/site-packages/mujoco_egen/kuka/meshes\n'}
[9.697350] (mujoco_sim) StdoutLine: {'line': b'copying /home/palinauskas/Documents/fortiss_repo/mujoco-eleanor/ROS2/build/mujoco_sim/build/lib/mujoco_sim/kuka/kuka_assets.xml -> /home/palinauskas/Documents/fortiss_repo/mujoco-eleanor/ROS2/install/mujoco_sim/lib/python3.8/site-packages/mujoco_sim/kuka\n'}
[9.697427] (mujoco_sim) StdoutLine: {'line': b'creating /home/palinauskas/Documents/fortiss_repo/mujoco-eleanor/ROS2/install/mujoco_sim/lib/python3.8/site-packages/mujoco_sim/kuka/meshes\n'}
[9.697494] (mujoco_egen) StdoutLine: {'line': b'copying /home/palinauskas/Documents/fortiss_repo/mujoco-eleanor/ROS2/build/mujoco_egen/build/lib/mujoco_egen/kuka/meshes/hole24.stl -> /home/palinauskas/Documents/fortiss_repo/mujoco-eleanor/ROS2/install/mujoco_egen/lib/python3.8/site-packages/mujoco_egen/kuka/meshes\n'}
[9.697560] (mujoco_egen) StdoutLine: {'line': b'copying /home/palinauskas/Documents/fortiss_repo/mujoco-eleanor/ROS2/build/mujoco_egen/build/lib/mujoco_egen/kuka/meshes/kuka_link_4.stl -> /home/palinauskas/Documents/fortiss_repo/mujoco-eleanor/ROS2/install/mujoco_egen/lib/python3.8/site-packages/mujoco_egen/kuka/meshes\n'}
[9.697627] (mujoco_sim) StdoutLine: {'line': b'copying /home/palinauskas/Documents/fortiss_repo/mujoco-eleanor/ROS2/build/mujoco_sim/build/lib/mujoco_sim/kuka/meshes/hdmi2.stl -> /home/palinauskas/Documents/fortiss_repo/mujoco-eleanor/ROS2/install/mujoco_sim/lib/python3.8/site-packages/mujoco_sim/kuka/meshes\n'}
[9.697707] (mujoco_egen) StdoutLine: {'line': b'copying /home/palinauskas/Documents/fortiss_repo/mujoco-eleanor/ROS2/build/mujoco_egen/build/lib/mujoco_egen/kuka/meshes/hole23.stl -> /home/palinauskas/Documents/fortiss_repo/mujoco-eleanor/ROS2/install/mujoco_egen/lib/python3.8/site-packages/mujoco_egen/kuka/meshes\n'}
[9.697801] (mujoco_egen) StdoutLine: {'line': b'copying /home/palinauskas/Documents/fortiss_repo/mujoco-eleanor/ROS2/build/mujoco_egen/build/lib/mujoco_egen/kuka/meshes/kuka_link_2.stl -> /home/palinauskas/Documents/fortiss_repo/mujoco-eleanor/ROS2/install/mujoco_egen/lib/python3.8/site-packages/mujoco_egen/kuka/meshes\n'}
[9.697874] (mujoco_sim) StdoutLine: {'line': b'copying /home/palinauskas/Documents/fortiss_repo/mujoco-eleanor/ROS2/build/mujoco_sim/build/lib/mujoco_sim/kuka/meshes/kuka_link_5.stl -> /home/palinauskas/Documents/fortiss_repo/mujoco-eleanor/ROS2/install/mujoco_sim/lib/python3.8/site-packages/mujoco_sim/kuka/meshes\n'}
[9.698172] (mujoco_egen) StdoutLine: {'line': b'copying /home/palinauskas/Documents/fortiss_repo/mujoco-eleanor/ROS2/build/mujoco_egen/build/lib/mujoco_egen/kuka/meshes/cylinder_triangular_hole.stl -> /home/palinauskas/Documents/fortiss_repo/mujoco-eleanor/ROS2/install/mujoco_egen/lib/python3.8/site-packages/mujoco_egen/kuka/meshes\n'}
[9.698289] (mujoco_egen) StdoutLine: {'line': b'copying /home/palinauskas/Documents/fortiss_repo/mujoco-eleanor/ROS2/build/mujoco_egen/build/lib/mujoco_egen/kuka/meshes/usb.stl -> /home/palinauskas/Documents/fortiss_repo/mujoco-eleanor/ROS2/install/mujoco_egen/lib/python3.8/site-packages/mujoco_egen/kuka/meshes\n'}
[9.698378] (mujoco_sim) StdoutLine: {'line': b'copying /home/palinauskas/Documents/fortiss_repo/mujoco-eleanor/ROS2/build/mujoco_sim/build/lib/mujoco_sim/kuka/meshes/hdmi.stl -> /home/palinauskas/Documents/fortiss_repo/mujoco-eleanor/ROS2/install/mujoco_sim/lib/python3.8/site-packages/mujoco_sim/kuka/meshes\n'}
[9.698468] (mujoco_egen) StdoutLine: {'line': b'copying /home/palinauskas/Documents/fortiss_repo/mujoco-eleanor/ROS2/build/mujoco_egen/build/lib/mujoco_egen/kuka/meshes/hole22.stl -> /home/palinauskas/Documents/fortiss_repo/mujoco-eleanor/ROS2/install/mujoco_egen/lib/python3.8/site-packages/mujoco_egen/kuka/meshes\n'}
[9.698559] (mujoco_egen) StdoutLine: {'line': b'copying /home/palinauskas/Documents/fortiss_repo/mujoco-eleanor/ROS2/build/mujoco_egen/build/lib/mujoco_egen/kuka/meshes/hole20.stl -> /home/palinauskas/Documents/fortiss_repo/mujoco-eleanor/ROS2/install/mujoco_egen/lib/python3.8/site-packages/mujoco_egen/kuka/meshes\n'}
[9.698649] (mujoco_egen) StdoutLine: {'line': b'copying /home/palinauskas/Documents/fortiss_repo/mujoco-eleanor/ROS2/build/mujoco_egen/build/lib/mujoco_egen/kuka/meshes/__init__.py -> /home/palinauskas/Documents/fortiss_repo/mujoco-eleanor/ROS2/install/mujoco_egen/lib/python3.8/site-packages/mujoco_egen/kuka/meshes\n'}
[9.698734] (mujoco_egen) StdoutLine: {'line': b'copying /home/palinauskas/Documents/fortiss_repo/mujoco-eleanor/ROS2/build/mujoco_egen/build/lib/mujoco_egen/kuka/meshes/table.dae -> /home/palinauskas/Documents/fortiss_repo/mujoco-eleanor/ROS2/install/mujoco_egen/lib/python3.8/site-packages/mujoco_egen/kuka/meshes\n'}
[9.698815] (mujoco_sim) StdoutLine: {'line': b'copying /home/palinauskas/Documents/fortiss_repo/mujoco-eleanor/ROS2/build/mujoco_sim/build/lib/mujoco_sim/kuka/meshes/vga2.stl -> /home/palinauskas/Documents/fortiss_repo/mujoco-eleanor/ROS2/install/mujoco_sim/lib/python3.8/site-packages/mujoco_sim/kuka/meshes\n'}
[9.699805] (mujoco_sim) StdoutLine: {'line': b'copying /home/palinauskas/Documents/fortiss_repo/mujoco-eleanor/ROS2/build/mujoco_sim/build/lib/mujoco_sim/kuka/meshes/hole21.stl -> /home/palinauskas/Documents/fortiss_repo/mujoco-eleanor/ROS2/install/mujoco_sim/lib/python3.8/site-packages/mujoco_sim/kuka/meshes\n'}
[9.699903] (mujoco_sim) StdoutLine: {'line': b'copying /home/palinauskas/Documents/fortiss_repo/mujoco-eleanor/ROS2/build/mujoco_sim/build/lib/mujoco_sim/kuka/meshes/kuka_link_6.stl -> /home/palinauskas/Documents/fortiss_repo/mujoco-eleanor/ROS2/install/mujoco_sim/lib/python3.8/site-packages/mujoco_sim/kuka/meshes\n'}
[9.700011] (mujoco_egen) StdoutLine: {'line': b'copying /home/palinauskas/Documents/fortiss_repo/mujoco-eleanor/ROS2/build/mujoco_egen/build/lib/mujoco_egen/kuka/meshes/simple_shapes.stl -> /home/palinauskas/Documents/fortiss_repo/mujoco-eleanor/ROS2/install/mujoco_egen/lib/python3.8/site-packages/mujoco_egen/kuka/meshes\n'}
[9.700259] (mujoco_sim) StdoutLine: {'line': b'copying /home/palinauskas/Documents/fortiss_repo/mujoco-eleanor/ROS2/build/mujoco_sim/build/lib/mujoco_sim/kuka/meshes/tool_cylinder1.stl -> /home/palinauskas/Documents/fortiss_repo/mujoco-eleanor/ROS2/install/mujoco_sim/lib/python3.8/site-packages/mujoco_sim/kuka/meshes\n'}
[9.700355] (mujoco_egen) StdoutLine: {'line': b'copying /home/palinauskas/Documents/fortiss_repo/mujoco-eleanor/ROS2/build/mujoco_egen/build/lib/mujoco_egen/kuka/meshes/table.stl -> /home/palinauskas/Documents/fortiss_repo/mujoco-eleanor/ROS2/install/mujoco_egen/lib/python3.8/site-packages/mujoco_egen/kuka/meshes\n'}
[9.700442] (mujoco_sim) StdoutLine: {'line': b'copying /home/palinauskas/Documents/fortiss_repo/mujoco-eleanor/ROS2/build/mujoco_sim/build/lib/mujoco_sim/kuka/meshes/hole.stl -> /home/palinauskas/Documents/fortiss_repo/mujoco-eleanor/ROS2/install/mujoco_sim/lib/python3.8/site-packages/mujoco_sim/kuka/meshes\n'}
[9.700530] (mujoco_sim) StdoutLine: {'line': b'copying /home/palinauskas/Documents/fortiss_repo/mujoco-eleanor/ROS2/build/mujoco_sim/build/lib/mujoco_sim/kuka/meshes/tool_cylinder.stl -> /home/palinauskas/Documents/fortiss_repo/mujoco-eleanor/ROS2/install/mujoco_sim/lib/python3.8/site-packages/mujoco_sim/kuka/meshes\n'}
[9.700853] (mujoco_sim) StdoutLine: {'line': b'copying /home/palinauskas/Documents/fortiss_repo/mujoco-eleanor/ROS2/build/mujoco_sim/build/lib/mujoco_sim/kuka/meshes/hole24.stl -> /home/palinauskas/Documents/fortiss_repo/mujoco-eleanor/ROS2/install/mujoco_sim/lib/python3.8/site-packages/mujoco_sim/kuka/meshes\n'}
[9.700961] (mujoco_sim) StdoutLine: {'line': b'copying /home/palinauskas/Documents/fortiss_repo/mujoco-eleanor/ROS2/build/mujoco_sim/build/lib/mujoco_sim/kuka/meshes/kuka_link_4.stl -> /home/palinauskas/Documents/fortiss_repo/mujoco-eleanor/ROS2/install/mujoco_sim/lib/python3.8/site-packages/mujoco_sim/kuka/meshes\n'}
[9.701266] (mujoco_egen) StdoutLine: {'line': b'copying /home/palinauskas/Documents/fortiss_repo/mujoco-eleanor/ROS2/build/mujoco_egen/build/lib/mujoco_egen/kuka/meshes/kuka_link_1.stl -> /home/palinauskas/Documents/fortiss_repo/mujoco-eleanor/ROS2/install/mujoco_egen/lib/python3.8/site-packages/mujoco_egen/kuka/meshes\n'}
[9.701399] (mujoco_sim) StdoutLine: {'line': b'copying /home/palinauskas/Documents/fortiss_repo/mujoco-eleanor/ROS2/build/mujoco_sim/build/lib/mujoco_sim/kuka/meshes/hole23.stl -> /home/palinauskas/Documents/fortiss_repo/mujoco-eleanor/ROS2/install/mujoco_sim/lib/python3.8/site-packages/mujoco_sim/kuka/meshes\n'}
[9.701508] (mujoco_sim) StdoutLine: {'line': b'copying /home/palinauskas/Documents/fortiss_repo/mujoco-eleanor/ROS2/build/mujoco_sim/build/lib/mujoco_sim/kuka/meshes/kuka_link_2.stl -> /home/palinauskas/Documents/fortiss_repo/mujoco-eleanor/ROS2/install/mujoco_sim/lib/python3.8/site-packages/mujoco_sim/kuka/meshes\n'}
[9.701706] (mujoco_egen) StdoutLine: {'line': b'copying /home/palinauskas/Documents/fortiss_repo/mujoco-eleanor/ROS2/build/mujoco_egen/build/lib/mujoco_egen/kuka/meshes/kuka_link_7.stl -> /home/palinauskas/Documents/fortiss_repo/mujoco-eleanor/ROS2/install/mujoco_egen/lib/python3.8/site-packages/mujoco_egen/kuka/meshes\n'}
[9.701939] (mujoco_sim) StdoutLine: {'line': b'copying /home/palinauskas/Documents/fortiss_repo/mujoco-eleanor/ROS2/build/mujoco_sim/build/lib/mujoco_sim/kuka/meshes/cylinder_triangular_hole.stl -> /home/palinauskas/Documents/fortiss_repo/mujoco-eleanor/ROS2/install/mujoco_sim/lib/python3.8/site-packages/mujoco_sim/kuka/meshes\n'}
[9.702085] (mujoco_sim) StdoutLine: {'line': b'copying /home/palinauskas/Documents/fortiss_repo/mujoco-eleanor/ROS2/build/mujoco_sim/build/lib/mujoco_sim/kuka/meshes/usb.stl -> /home/palinauskas/Documents/fortiss_repo/mujoco-eleanor/ROS2/install/mujoco_sim/lib/python3.8/site-packages/mujoco_sim/kuka/meshes\n'}
[9.702253] (mujoco_sim) StdoutLine: {'line': b'copying /home/palinauskas/Documents/fortiss_repo/mujoco-eleanor/ROS2/build/mujoco_sim/build/lib/mujoco_sim/kuka/meshes/hole22.stl -> /home/palinauskas/Documents/fortiss_repo/mujoco-eleanor/ROS2/install/mujoco_sim/lib/python3.8/site-packages/mujoco_sim/kuka/meshes\n'}
[9.702358] (mujoco_sim) StdoutLine: {'line': b'copying /home/palinauskas/Documents/fortiss_repo/mujoco-eleanor/ROS2/build/mujoco_sim/build/lib/mujoco_sim/kuka/meshes/hole20.stl -> /home/palinauskas/Documents/fortiss_repo/mujoco-eleanor/ROS2/install/mujoco_sim/lib/python3.8/site-packages/mujoco_sim/kuka/meshes\n'}
[9.702464] (mujoco_sim) StdoutLine: {'line': b'copying /home/palinauskas/Documents/fortiss_repo/mujoco-eleanor/ROS2/build/mujoco_sim/build/lib/mujoco_sim/kuka/meshes/__init__.py -> /home/palinauskas/Documents/fortiss_repo/mujoco-eleanor/ROS2/install/mujoco_sim/lib/python3.8/site-packages/mujoco_sim/kuka/meshes\n'}
[9.702574] (mujoco_sim) StdoutLine: {'line': b'copying /home/palinauskas/Documents/fortiss_repo/mujoco-eleanor/ROS2/build/mujoco_sim/build/lib/mujoco_sim/kuka/meshes/table.dae -> /home/palinauskas/Documents/fortiss_repo/mujoco-eleanor/ROS2/install/mujoco_sim/lib/python3.8/site-packages/mujoco_sim/kuka/meshes\n'}
[9.702860] (mujoco_egen) StdoutLine: {'line': b'copying /home/palinauskas/Documents/fortiss_repo/mujoco-eleanor/ROS2/build/mujoco_egen/build/lib/mujoco_egen/kuka/meshes/tool_cylinder0.stl -> /home/palinauskas/Documents/fortiss_repo/mujoco-eleanor/ROS2/install/mujoco_egen/lib/python3.8/site-packages/mujoco_egen/kuka/meshes\n'}
[9.703145] (mujoco_egen) StdoutLine: {'line': b'copying /home/palinauskas/Documents/fortiss_repo/mujoco-eleanor/ROS2/build/mujoco_egen/build/lib/mujoco_egen/kuka/meshes/vga.stl -> /home/palinauskas/Documents/fortiss_repo/mujoco-eleanor/ROS2/install/mujoco_egen/lib/python3.8/site-packages/mujoco_egen/kuka/meshes\n'}
[9.703887] (mujoco_sim) StdoutLine: {'line': b'copying /home/palinauskas/Documents/fortiss_repo/mujoco-eleanor/ROS2/build/mujoco_sim/build/lib/mujoco_sim/kuka/meshes/simple_shapes.stl -> /home/palinauskas/Documents/fortiss_repo/mujoco-eleanor/ROS2/install/mujoco_sim/lib/python3.8/site-packages/mujoco_sim/kuka/meshes\n'}
[9.704169] (mujoco_egen) StdoutLine: {'line': b'copying /home/palinauskas/Documents/fortiss_repo/mujoco-eleanor/ROS2/build/mujoco_egen/build/lib/mujoco_egen/kuka/meshes/hole3.stl -> /home/palinauskas/Documents/fortiss_repo/mujoco-eleanor/ROS2/install/mujoco_egen/lib/python3.8/site-packages/mujoco_egen/kuka/meshes\n'}
[9.704300] (mujoco_sim) StdoutLine: {'line': b'copying /home/palinauskas/Documents/fortiss_repo/mujoco-eleanor/ROS2/build/mujoco_sim/build/lib/mujoco_sim/kuka/meshes/table.stl -> /home/palinauskas/Documents/fortiss_repo/mujoco-eleanor/ROS2/install/mujoco_sim/lib/python3.8/site-packages/mujoco_sim/kuka/meshes\n'}
[9.704387] (mujoco_egen) StdoutLine: {'line': b'copying /home/palinauskas/Documents/fortiss_repo/mujoco-eleanor/ROS2/build/mujoco_egen/build/lib/mujoco_egen/kuka/meshes/hole2.stl -> /home/palinauskas/Documents/fortiss_repo/mujoco-eleanor/ROS2/install/mujoco_egen/lib/python3.8/site-packages/mujoco_egen/kuka/meshes\n'}
[9.704461] (mujoco_egen) StdoutLine: {'line': b'copying /home/palinauskas/Documents/fortiss_repo/mujoco-eleanor/ROS2/build/mujoco_egen/build/lib/mujoco_egen/kuka/meshes/kuka_link_3.stl -> /home/palinauskas/Documents/fortiss_repo/mujoco-eleanor/ROS2/install/mujoco_egen/lib/python3.8/site-packages/mujoco_egen/kuka/meshes\n'}
[9.704654] (mujoco_egen) StdoutLine: {'line': b'copying /home/palinauskas/Documents/fortiss_repo/mujoco-eleanor/ROS2/build/mujoco_egen/build/lib/mujoco_egen/kuka/meshes/simple_shapes1ascii.stl -> /home/palinauskas/Documents/fortiss_repo/mujoco-eleanor/ROS2/install/mujoco_egen/lib/python3.8/site-packages/mujoco_egen/kuka/meshes\n'}
[9.705163] (mujoco_sim) StdoutLine: {'line': b'copying /home/palinauskas/Documents/fortiss_repo/mujoco-eleanor/ROS2/build/mujoco_sim/build/lib/mujoco_sim/kuka/meshes/kuka_link_1.stl -> /home/palinauskas/Documents/fortiss_repo/mujoco-eleanor/ROS2/install/mujoco_sim/lib/python3.8/site-packages/mujoco_sim/kuka/meshes\n'}
[9.705455] (mujoco_egen) StdoutLine: {'line': b'copying /home/palinauskas/Documents/fortiss_repo/mujoco-eleanor/ROS2/build/mujoco_egen/build/lib/mujoco_egen/kuka/meshes/usb2.stl -> /home/palinauskas/Documents/fortiss_repo/mujoco-eleanor/ROS2/install/mujoco_egen/lib/python3.8/site-packages/mujoco_egen/kuka/meshes\n'}
[9.705566] (mujoco_sim) StdoutLine: {'line': b'copying /home/palinauskas/Documents/fortiss_repo/mujoco-eleanor/ROS2/build/mujoco_sim/build/lib/mujoco_sim/kuka/meshes/kuka_link_7.stl -> /home/palinauskas/Documents/fortiss_repo/mujoco-eleanor/ROS2/install/mujoco_sim/lib/python3.8/site-packages/mujoco_sim/kuka/meshes\n'}
[9.705660] (mujoco_egen) StdoutLine: {'line': b'copying /home/palinauskas/Documents/fortiss_repo/mujoco-eleanor/ROS2/build/mujoco_egen/build/lib/mujoco_egen/kuka/meshes/ethernet.stl -> /home/palinauskas/Documents/fortiss_repo/mujoco-eleanor/ROS2/install/mujoco_egen/lib/python3.8/site-packages/mujoco_egen/kuka/meshes\n'}
[9.705749] (mujoco_egen) StdoutLine: {'line': b'copying /home/palinauskas/Documents/fortiss_repo/mujoco-eleanor/ROS2/build/mujoco_egen/build/lib/mujoco_egen/kuka/meshes/industrial_sockets.stl -> /home/palinauskas/Documents/fortiss_repo/mujoco-eleanor/ROS2/install/mujoco_egen/lib/python3.8/site-packages/mujoco_egen/kuka/meshes\n'}
[9.706787] (mujoco_sim) StdoutLine: {'line': b'copying /home/palinauskas/Documents/fortiss_repo/mujoco-eleanor/ROS2/build/mujoco_sim/build/lib/mujoco_sim/kuka/meshes/tool_cylinder0.stl -> /home/palinauskas/Documents/fortiss_repo/mujoco-eleanor/ROS2/install/mujoco_sim/lib/python3.8/site-packages/mujoco_sim/kuka/meshes\n'}
[9.707073] (mujoco_sim) StdoutLine: {'line': b'copying /home/palinauskas/Documents/fortiss_repo/mujoco-eleanor/ROS2/build/mujoco_sim/build/lib/mujoco_sim/kuka/meshes/vga.stl -> /home/palinauskas/Documents/fortiss_repo/mujoco-eleanor/ROS2/install/mujoco_sim/lib/python3.8/site-packages/mujoco_sim/kuka/meshes\n'}
[9.707856] (mujoco_egen) StdoutLine: {'line': b'copying /home/palinauskas/Documents/fortiss_repo/mujoco-eleanor/ROS2/build/mujoco_egen/build/lib/mujoco_egen/kuka/meshes/kuka_link_0.stl -> /home/palinauskas/Documents/fortiss_repo/mujoco-eleanor/ROS2/install/mujoco_egen/lib/python3.8/site-packages/mujoco_egen/kuka/meshes\n'}
[9.708058] (mujoco_sim) StdoutLine: {'line': b'copying /home/palinauskas/Documents/fortiss_repo/mujoco-eleanor/ROS2/build/mujoco_sim/build/lib/mujoco_sim/kuka/meshes/hole3.stl -> /home/palinauskas/Documents/fortiss_repo/mujoco-eleanor/ROS2/install/mujoco_sim/lib/python3.8/site-packages/mujoco_sim/kuka/meshes\n'}
[9.708153] (mujoco_sim) StdoutLine: {'line': b'copying /home/palinauskas/Documents/fortiss_repo/mujoco-eleanor/ROS2/build/mujoco_sim/build/lib/mujoco_sim/kuka/meshes/hole2.stl -> /home/palinauskas/Documents/fortiss_repo/mujoco-eleanor/ROS2/install/mujoco_sim/lib/python3.8/site-packages/mujoco_sim/kuka/meshes\n'}
[9.708241] (mujoco_sim) StdoutLine: {'line': b'copying /home/palinauskas/Documents/fortiss_repo/mujoco-eleanor/ROS2/build/mujoco_sim/build/lib/mujoco_sim/kuka/meshes/kuka_link_3.stl -> /home/palinauskas/Documents/fortiss_repo/mujoco-eleanor/ROS2/install/mujoco_sim/lib/python3.8/site-packages/mujoco_sim/kuka/meshes\n'}
[9.708331] (mujoco_egen) StdoutLine: {'line': b'copying /home/palinauskas/Documents/fortiss_repo/mujoco-eleanor/ROS2/build/mujoco_egen/build/lib/mujoco_egen/kuka/meshes/ethernet2.stl -> /home/palinauskas/Documents/fortiss_repo/mujoco-eleanor/ROS2/install/mujoco_egen/lib/python3.8/site-packages/mujoco_egen/kuka/meshes\n'}
[9.708416] (mujoco_egen) StdoutLine: {'line': b'copying /home/palinauskas/Documents/fortiss_repo/mujoco-eleanor/ROS2/build/mujoco_egen/build/lib/mujoco_egen/kuka/kuka_actuators.xml -> /home/palinauskas/Documents/fortiss_repo/mujoco-eleanor/ROS2/install/mujoco_egen/lib/python3.8/site-packages/mujoco_egen/kuka\n'}
[9.708497] (mujoco_egen) StdoutLine: {'line': b'copying /home/palinauskas/Documents/fortiss_repo/mujoco-eleanor/ROS2/build/mujoco_egen/build/lib/mujoco_egen/kuka/full_kuka_INRC3_mounted_camera_hdmi.xml -> /home/palinauskas/Documents/fortiss_repo/mujoco-eleanor/ROS2/install/mujoco_egen/lib/python3.8/site-packages/mujoco_egen/kuka\n'}
[9.708580] (mujoco_egen) StdoutLine: {'line': b'copying /home/palinauskas/Documents/fortiss_repo/mujoco-eleanor/ROS2/build/mujoco_egen/build/lib/mujoco_egen/kuka/kuka_mesh_collision_peg_ee_camera.xml -> /home/palinauskas/Documents/fortiss_repo/mujoco-eleanor/ROS2/install/mujoco_egen/lib/python3.8/site-packages/mujoco_egen/kuka\n'}
[9.708661] (mujoco_egen) StdoutLine: {'line': b'copying /home/palinauskas/Documents/fortiss_repo/mujoco-eleanor/ROS2/build/mujoco_egen/build/lib/mujoco_egen/impedance_controller_server.py -> /home/palinauskas/Documents/fortiss_repo/mujoco-eleanor/ROS2/install/mujoco_egen/lib/python3.8/site-packages/mujoco_egen\n'}
[9.708765] (mujoco_egen) StdoutLine: {'line': b'copying /home/palinauskas/Documents/fortiss_repo/mujoco-eleanor/ROS2/build/mujoco_egen/build/lib/mujoco_egen/__init__.py -> /home/palinauskas/Documents/fortiss_repo/mujoco-eleanor/ROS2/install/mujoco_egen/lib/python3.8/site-packages/mujoco_egen\n'}
[9.708852] (mujoco_sim) StdoutLine: {'line': b'copying /home/palinauskas/Documents/fortiss_repo/mujoco-eleanor/ROS2/build/mujoco_sim/build/lib/mujoco_sim/kuka/meshes/simple_shapes1ascii.stl -> /home/palinauskas/Documents/fortiss_repo/mujoco-eleanor/ROS2/install/mujoco_sim/lib/python3.8/site-packages/mujoco_sim/kuka/meshes\n'}
[9.708934] (mujoco_egen) StdoutLine: {'line': b'creating /home/palinauskas/Documents/fortiss_repo/mujoco-eleanor/ROS2/install/mujoco_egen/lib/python3.8/site-packages/mujoco_egen/mujoco_env\n'}
[9.709021] (mujoco_egen) StdoutLine: {'line': b'copying /home/palinauskas/Documents/fortiss_repo/mujoco-eleanor/ROS2/build/mujoco_egen/build/lib/mujoco_egen/mujoco_env/im_mujoco_env.py -> /home/palinauskas/Documents/fortiss_repo/mujoco-eleanor/ROS2/install/mujoco_egen/lib/python3.8/site-packages/mujoco_egen/mujoco_env\n'}
[9.709094] (mujoco_egen) StdoutLine: {'line': b'copying /home/palinauskas/Documents/fortiss_repo/mujoco-eleanor/ROS2/build/mujoco_egen/build/lib/mujoco_egen/mujoco_env/__init__.py -> /home/palinauskas/Documents/fortiss_repo/mujoco-eleanor/ROS2/install/mujoco_egen/lib/python3.8/site-packages/mujoco_egen/mujoco_env\n'}
[9.709172] (mujoco_egen) StdoutLine: {'line': b'creating /home/palinauskas/Documents/fortiss_repo/mujoco-eleanor/ROS2/install/mujoco_egen/lib/python3.8/site-packages/mujoco_egen/controllers\n'}
[9.709254] (mujoco_egen) StdoutLine: {'line': b'copying /home/palinauskas/Documents/fortiss_repo/mujoco-eleanor/ROS2/build/mujoco_egen/build/lib/mujoco_egen/controllers/__init__.py -> /home/palinauskas/Documents/fortiss_repo/mujoco-eleanor/ROS2/install/mujoco_egen/lib/python3.8/site-packages/mujoco_egen/controllers\n'}
[9.709339] (mujoco_egen) StdoutLine: {'line': b'copying /home/palinauskas/Documents/fortiss_repo/mujoco-eleanor/ROS2/build/mujoco_egen/build/lib/mujoco_egen/controllers/full_impedance_controller.py -> /home/palinauskas/Documents/fortiss_repo/mujoco-eleanor/ROS2/install/mujoco_egen/lib/python3.8/site-packages/mujoco_egen/controllers\n'}
[9.709420] (mujoco_egen) StdoutLine: {'line': b'copying /home/palinauskas/Documents/fortiss_repo/mujoco-eleanor/ROS2/build/mujoco_egen/build/lib/mujoco_egen/controllers/base_controller.py -> /home/palinauskas/Documents/fortiss_repo/mujoco-eleanor/ROS2/install/mujoco_egen/lib/python3.8/site-packages/mujoco_egen/controllers\n'}
[9.709507] (mujoco_egen) StdoutLine: {'line': b'creating /home/palinauskas/Documents/fortiss_repo/mujoco-eleanor/ROS2/install/mujoco_egen/lib/python3.8/site-packages/mujoco_egen/utils\n'}
[9.709590] (mujoco_egen) StdoutLine: {'line': b'copying /home/palinauskas/Documents/fortiss_repo/mujoco-eleanor/ROS2/build/mujoco_egen/build/lib/mujoco_egen/utils/kinematics.py -> /home/palinauskas/Documents/fortiss_repo/mujoco-eleanor/ROS2/install/mujoco_egen/lib/python3.8/site-packages/mujoco_egen/utils\n'}
[9.709674] (mujoco_egen) StdoutLine: {'line': b'copying /home/palinauskas/Documents/fortiss_repo/mujoco-eleanor/ROS2/build/mujoco_egen/build/lib/mujoco_egen/utils/__init__.py -> /home/palinauskas/Documents/fortiss_repo/mujoco-eleanor/ROS2/install/mujoco_egen/lib/python3.8/site-packages/mujoco_egen/utils\n'}
[9.709776] (mujoco_egen) StdoutLine: {'line': b'copying /home/palinauskas/Documents/fortiss_repo/mujoco-eleanor/ROS2/build/mujoco_egen/build/lib/mujoco_egen/utils/mujoco_utils.py -> /home/palinauskas/Documents/fortiss_repo/mujoco-eleanor/ROS2/install/mujoco_egen/lib/python3.8/site-packages/mujoco_egen/utils\n'}
[9.709863] (mujoco_sim) StdoutLine: {'line': b'copying /home/palinauskas/Documents/fortiss_repo/mujoco-eleanor/ROS2/build/mujoco_sim/build/lib/mujoco_sim/kuka/meshes/usb2.stl -> /home/palinauskas/Documents/fortiss_repo/mujoco-eleanor/ROS2/install/mujoco_sim/lib/python3.8/site-packages/mujoco_sim/kuka/meshes\n'}
[9.709945] (mujoco_egen) StdoutLine: {'line': b'copying /home/palinauskas/Documents/fortiss_repo/mujoco-eleanor/ROS2/build/mujoco_egen/build/lib/mujoco_egen/utils/read_cfg.py -> /home/palinauskas/Documents/fortiss_repo/mujoco-eleanor/ROS2/install/mujoco_egen/lib/python3.8/site-packages/mujoco_egen/utils\n'}
[9.710051] (mujoco_egen) StdoutLine: {'line': b'copying /home/palinauskas/Documents/fortiss_repo/mujoco-eleanor/ROS2/build/mujoco_egen/build/lib/mujoco_egen/utils/test_quaternions.py -> /home/palinauskas/Documents/fortiss_repo/mujoco-eleanor/ROS2/install/mujoco_egen/lib/python3.8/site-packages/mujoco_egen/utils\n'}
[9.710136] (mujoco_egen) StdoutLine: {'line': b'copying /home/palinauskas/Documents/fortiss_repo/mujoco-eleanor/ROS2/build/mujoco_egen/build/lib/mujoco_egen/utils/test_ConfigReader.py -> /home/palinauskas/Documents/fortiss_repo/mujoco-eleanor/ROS2/install/mujoco_egen/lib/python3.8/site-packages/mujoco_egen/utils\n'}
[9.710228] (mujoco_sim) StdoutLine: {'line': b'copying /home/palinauskas/Documents/fortiss_repo/mujoco-eleanor/ROS2/build/mujoco_sim/build/lib/mujoco_sim/kuka/meshes/ethernet.stl -> /home/palinauskas/Documents/fortiss_repo/mujoco-eleanor/ROS2/install/mujoco_sim/lib/python3.8/site-packages/mujoco_sim/kuka/meshes\n'}
[9.710297] (mujoco_egen) StdoutLine: {'line': b'copying /home/palinauskas/Documents/fortiss_repo/mujoco-eleanor/ROS2/build/mujoco_egen/build/lib/mujoco_egen/utils/quaternion.py -> /home/palinauskas/Documents/fortiss_repo/mujoco-eleanor/ROS2/install/mujoco_egen/lib/python3.8/site-packages/mujoco_egen/utils\n'}
[9.710365] (mujoco_sim) StdoutLine: {'line': b'copying /home/palinauskas/Documents/fortiss_repo/mujoco-eleanor/ROS2/build/mujoco_sim/build/lib/mujoco_sim/kuka/meshes/industrial_sockets.stl -> /home/palinauskas/Documents/fortiss_repo/mujoco-eleanor/ROS2/install/mujoco_sim/lib/python3.8/site-packages/mujoco_sim/kuka/meshes\n'}
[9.710435] (mujoco_egen) StdoutLine: {'line': b'creating /home/palinauskas/Documents/fortiss_repo/mujoco-eleanor/ROS2/install/mujoco_egen/lib/python3.8/site-packages/mujoco_egen/cfg\n'}
[9.710504] (mujoco_egen) StdoutLine: {'line': b'copying /home/palinauskas/Documents/fortiss_repo/mujoco-eleanor/ROS2/build/mujoco_egen/build/lib/mujoco_egen/cfg/cfg.yaml -> /home/palinauskas/Documents/fortiss_repo/mujoco-eleanor/ROS2/install/mujoco_egen/lib/python3.8/site-packages/mujoco_egen/cfg\n'}
[9.710649] (mujoco_egen) StdoutLine: {'line': b'byte-compiling /home/palinauskas/Documents/fortiss_repo/mujoco-eleanor/ROS2/install/mujoco_egen/lib/python3.8/site-packages/mujoco_egen/kuka/meshes/__init__.py to __init__.cpython-38.pyc\n'}
[9.711788] (mujoco_egen) StdoutLine: {'line': b'byte-compiling /home/palinauskas/Documents/fortiss_repo/mujoco-eleanor/ROS2/install/mujoco_egen/lib/python3.8/site-packages/mujoco_egen/impedance_controller_server.py to impedance_controller_server.cpython-38.pyc\n'}
[9.712304] (mujoco_sim) StdoutLine: {'line': b'copying /home/palinauskas/Documents/fortiss_repo/mujoco-eleanor/ROS2/build/mujoco_sim/build/lib/mujoco_sim/kuka/meshes/kuka_link_0.stl -> /home/palinauskas/Documents/fortiss_repo/mujoco-eleanor/ROS2/install/mujoco_sim/lib/python3.8/site-packages/mujoco_sim/kuka/meshes\n'}
[9.712673] (mujoco_sim) StdoutLine: {'line': b'copying /home/palinauskas/Documents/fortiss_repo/mujoco-eleanor/ROS2/build/mujoco_sim/build/lib/mujoco_sim/kuka/meshes/ethernet2.stl -> /home/palinauskas/Documents/fortiss_repo/mujoco-eleanor/ROS2/install/mujoco_sim/lib/python3.8/site-packages/mujoco_sim/kuka/meshes\n'}
[9.712771] (mujoco_sim) StdoutLine: {'line': b'copying /home/palinauskas/Documents/fortiss_repo/mujoco-eleanor/ROS2/build/mujoco_sim/build/lib/mujoco_sim/kuka/kuka_actuators.xml -> /home/palinauskas/Documents/fortiss_repo/mujoco-eleanor/ROS2/install/mujoco_sim/lib/python3.8/site-packages/mujoco_sim/kuka\n'}
[9.712882] (mujoco_sim) StdoutLine: {'line': b'copying /home/palinauskas/Documents/fortiss_repo/mujoco-eleanor/ROS2/build/mujoco_sim/build/lib/mujoco_sim/kuka/full_kuka_INRC3_mounted_camera_hdmi.xml -> /home/palinauskas/Documents/fortiss_repo/mujoco-eleanor/ROS2/install/mujoco_sim/lib/python3.8/site-packages/mujoco_sim/kuka\n'}
[9.712969] (mujoco_egen) StdoutLine: {'line': b'byte-compiling /home/palinauskas/Documents/fortiss_repo/mujoco-eleanor/ROS2/install/mujoco_egen/lib/python3.8/site-packages/mujoco_egen/__init__.py to __init__.cpython-38.pyc\n'}
[9.713060] (mujoco_sim) StdoutLine: {'line': b'copying /home/palinauskas/Documents/fortiss_repo/mujoco-eleanor/ROS2/build/mujoco_sim/build/lib/mujoco_sim/kuka/kuka_mesh_collision_peg_ee_camera.xml -> /home/palinauskas/Documents/fortiss_repo/mujoco-eleanor/ROS2/install/mujoco_sim/lib/python3.8/site-packages/mujoco_sim/kuka\n'}
[9.713153] (mujoco_egen) StdoutLine: {'line': b'byte-compiling /home/palinauskas/Documents/fortiss_repo/mujoco-eleanor/ROS2/install/mujoco_egen/lib/python3.8/site-packages/mujoco_egen/mujoco_env/im_mujoco_env.py to im_mujoco_env.cpython-38.pyc\n'}
[9.713222] (mujoco_sim) StdoutLine: {'line': b'copying /home/palinauskas/Documents/fortiss_repo/mujoco-eleanor/ROS2/build/mujoco_sim/build/lib/mujoco_sim/impedance_controller_server.py -> /home/palinauskas/Documents/fortiss_repo/mujoco-eleanor/ROS2/install/mujoco_sim/lib/python3.8/site-packages/mujoco_sim\n'}
[9.713304] (mujoco_sim) StdoutLine: {'line': b'copying /home/palinauskas/Documents/fortiss_repo/mujoco-eleanor/ROS2/build/mujoco_sim/build/lib/mujoco_sim/camera_events_publisher.py -> /home/palinauskas/Documents/fortiss_repo/mujoco-eleanor/ROS2/install/mujoco_sim/lib/python3.8/site-packages/mujoco_sim\n'}
[9.713385] (mujoco_sim) StdoutLine: {'line': b'copying /home/palinauskas/Documents/fortiss_repo/mujoco-eleanor/ROS2/build/mujoco_sim/build/lib/mujoco_sim/__init__.py -> /home/palinauskas/Documents/fortiss_repo/mujoco-eleanor/ROS2/install/mujoco_sim/lib/python3.8/site-packages/mujoco_sim\n'}
[9.713489] (mujoco_sim) StdoutLine: {'line': b'creating /home/palinauskas/Documents/fortiss_repo/mujoco-eleanor/ROS2/install/mujoco_sim/lib/python3.8/site-packages/mujoco_sim/mujoco_env\n'}
[9.713573] (mujoco_sim) StdoutLine: {'line': b'copying /home/palinauskas/Documents/fortiss_repo/mujoco-eleanor/ROS2/build/mujoco_sim/build/lib/mujoco_sim/mujoco_env/im_mujoco_env.py -> /home/palinauskas/Documents/fortiss_repo/mujoco-eleanor/ROS2/install/mujoco_sim/lib/python3.8/site-packages/mujoco_sim/mujoco_env\n'}
[9.713668] (mujoco_sim) StdoutLine: {'line': b'copying /home/palinauskas/Documents/fortiss_repo/mujoco-eleanor/ROS2/build/mujoco_sim/build/lib/mujoco_sim/mujoco_env/simple_mujoco_env.py -> /home/palinauskas/Documents/fortiss_repo/mujoco-eleanor/ROS2/install/mujoco_sim/lib/python3.8/site-packages/mujoco_sim/mujoco_env\n'}
[9.713775] (mujoco_sim) StdoutLine: {'line': b'copying /home/palinauskas/Documents/fortiss_repo/mujoco-eleanor/ROS2/build/mujoco_sim/build/lib/mujoco_sim/mujoco_env/__init__.py -> /home/palinauskas/Documents/fortiss_repo/mujoco-eleanor/ROS2/install/mujoco_sim/lib/python3.8/site-packages/mujoco_sim/mujoco_env\n'}
[9.713900] (mujoco_sim) StdoutLine: {'line': b'creating /home/palinauskas/Documents/fortiss_repo/mujoco-eleanor/ROS2/install/mujoco_sim/lib/python3.8/site-packages/mujoco_sim/controllers\n'}
[9.714010] (mujoco_egen) StdoutLine: {'line': b'byte-compiling /home/palinauskas/Documents/fortiss_repo/mujoco-eleanor/ROS2/install/mujoco_egen/lib/python3.8/site-packages/mujoco_egen/mujoco_env/__init__.py to __init__.cpython-38.pyc\n'}
[9.714120] (mujoco_sim) StdoutLine: {'line': b'copying /home/palinauskas/Documents/fortiss_repo/mujoco-eleanor/ROS2/build/mujoco_sim/build/lib/mujoco_sim/controllers/__init__.py -> /home/palinauskas/Documents/fortiss_repo/mujoco-eleanor/ROS2/install/mujoco_sim/lib/python3.8/site-packages/mujoco_sim/controllers\n'}
[9.714227] (mujoco_sim) StdoutLine: {'line': b'copying /home/palinauskas/Documents/fortiss_repo/mujoco-eleanor/ROS2/build/mujoco_sim/build/lib/mujoco_sim/controllers/full_impedance_controller.py -> /home/palinauskas/Documents/fortiss_repo/mujoco-eleanor/ROS2/install/mujoco_sim/lib/python3.8/site-packages/mujoco_sim/controllers\n'}
[9.714297] (mujoco_egen) StdoutLine: {'line': b'byte-compiling /home/palinauskas/Documents/fortiss_repo/mujoco-eleanor/ROS2/install/mujoco_egen/lib/python3.8/site-packages/mujoco_egen/controllers/__init__.py to __init__.cpython-38.pyc\n'}
[9.714399] (mujoco_sim) StdoutLine: {'line': b'copying /home/palinauskas/Documents/fortiss_repo/mujoco-eleanor/ROS2/build/mujoco_sim/build/lib/mujoco_sim/controllers/base_controller.py -> /home/palinauskas/Documents/fortiss_repo/mujoco-eleanor/ROS2/install/mujoco_sim/lib/python3.8/site-packages/mujoco_sim/controllers\n'}
[9.714469] (mujoco_egen) StdoutLine: {'line': b'byte-compiling /home/palinauskas/Documents/fortiss_repo/mujoco-eleanor/ROS2/install/mujoco_egen/lib/python3.8/site-packages/mujoco_egen/controllers/full_impedance_controller.py to full_impedance_controller.cpython-38.pyc\n'}
[9.714555] (mujoco_sim) StdoutLine: {'line': b'creating /home/palinauskas/Documents/fortiss_repo/mujoco-eleanor/ROS2/install/mujoco_sim/lib/python3.8/site-packages/mujoco_sim/utils\n'}
[9.714642] (mujoco_sim) StdoutLine: {'line': b'copying /home/palinauskas/Documents/fortiss_repo/mujoco-eleanor/ROS2/build/mujoco_sim/build/lib/mujoco_sim/utils/kinematics.py -> /home/palinauskas/Documents/fortiss_repo/mujoco-eleanor/ROS2/install/mujoco_sim/lib/python3.8/site-packages/mujoco_sim/utils\n'}
[9.714732] (mujoco_sim) StdoutLine: {'line': b'copying /home/palinauskas/Documents/fortiss_repo/mujoco-eleanor/ROS2/build/mujoco_sim/build/lib/mujoco_sim/utils/__init__.py -> /home/palinauskas/Documents/fortiss_repo/mujoco-eleanor/ROS2/install/mujoco_sim/lib/python3.8/site-packages/mujoco_sim/utils\n'}
[9.714820] (mujoco_sim) StdoutLine: {'line': b'copying /home/palinauskas/Documents/fortiss_repo/mujoco-eleanor/ROS2/build/mujoco_sim/build/lib/mujoco_sim/utils/mujoco_utils.py -> /home/palinauskas/Documents/fortiss_repo/mujoco-eleanor/ROS2/install/mujoco_sim/lib/python3.8/site-packages/mujoco_sim/utils\n'}
[9.714894] (mujoco_sim) StdoutLine: {'line': b'copying /home/palinauskas/Documents/fortiss_repo/mujoco-eleanor/ROS2/build/mujoco_sim/build/lib/mujoco_sim/utils/read_cfg.py -> /home/palinauskas/Documents/fortiss_repo/mujoco-eleanor/ROS2/install/mujoco_sim/lib/python3.8/site-packages/mujoco_sim/utils\n'}
[9.714983] (mujoco_sim) StdoutLine: {'line': b'copying /home/palinauskas/Documents/fortiss_repo/mujoco-eleanor/ROS2/build/mujoco_sim/build/lib/mujoco_sim/utils/quaternion.py -> /home/palinauskas/Documents/fortiss_repo/mujoco-eleanor/ROS2/install/mujoco_sim/lib/python3.8/site-packages/mujoco_sim/utils\n'}
[9.715085] (mujoco_sim) StdoutLine: {'line': b'creating /home/palinauskas/Documents/fortiss_repo/mujoco-eleanor/ROS2/install/mujoco_sim/lib/python3.8/site-packages/mujoco_sim/cfg\n'}
[9.715148] (mujoco_sim) StdoutLine: {'line': b'copying /home/palinauskas/Documents/fortiss_repo/mujoco-eleanor/ROS2/build/mujoco_sim/build/lib/mujoco_sim/cfg/cfg.yaml -> /home/palinauskas/Documents/fortiss_repo/mujoco-eleanor/ROS2/install/mujoco_sim/lib/python3.8/site-packages/mujoco_sim/cfg\n'}
[9.715215] (mujoco_egen) StdoutLine: {'line': b'byte-compiling /home/palinauskas/Documents/fortiss_repo/mujoco-eleanor/ROS2/install/mujoco_egen/lib/python3.8/site-packages/mujoco_egen/controllers/base_controller.py to base_controller.cpython-38.pyc\n'}
[9.715295] (mujoco_egen) StdoutLine: {'line': b'byte-compiling /home/palinauskas/Documents/fortiss_repo/mujoco-eleanor/ROS2/install/mujoco_egen/lib/python3.8/site-packages/mujoco_egen/utils/kinematics.py to kinematics.cpython-38.pyc\n'}
[9.715553] (mujoco_sim) StdoutLine: {'line': b'byte-compiling /home/palinauskas/Documents/fortiss_repo/mujoco-eleanor/ROS2/install/mujoco_sim/lib/python3.8/site-packages/mujoco_sim/kuka/meshes/__init__.py to __init__.cpython-38.pyc\n'}
[9.715933] (mujoco_egen) StdoutLine: {'line': b'byte-compiling /home/palinauskas/Documents/fortiss_repo/mujoco-eleanor/ROS2/install/mujoco_egen/lib/python3.8/site-packages/mujoco_egen/utils/__init__.py to __init__.cpython-38.pyc\n'}
[9.716052] (mujoco_egen) StdoutLine: {'line': b'byte-compiling /home/palinauskas/Documents/fortiss_repo/mujoco-eleanor/ROS2/install/mujoco_egen/lib/python3.8/site-packages/mujoco_egen/utils/mujoco_utils.py to mujoco_utils.cpython-38.pyc\n'}
[9.716344] (mujoco_egen) StdoutLine: {'line': b'byte-compiling /home/palinauskas/Documents/fortiss_repo/mujoco-eleanor/ROS2/install/mujoco_egen/lib/python3.8/site-packages/mujoco_egen/utils/read_cfg.py to read_cfg.cpython-38.pyc\n'}
[9.716610] (mujoco_egen) StdoutLine: {'line': b'byte-compiling /home/palinauskas/Documents/fortiss_repo/mujoco-eleanor/ROS2/install/mujoco_egen/lib/python3.8/site-packages/mujoco_egen/utils/test_quaternions.py to test_quaternions.cpython-38.pyc\n'}
[9.716752] (mujoco_sim) StdoutLine: {'line': b'byte-compiling /home/palinauskas/Documents/fortiss_repo/mujoco-eleanor/ROS2/install/mujoco_sim/lib/python3.8/site-packages/mujoco_sim/impedance_controller_server.py to impedance_controller_server.cpython-38.pyc\n'}
[9.716846] (mujoco_egen) StdoutLine: {'line': b'byte-compiling /home/palinauskas/Documents/fortiss_repo/mujoco-eleanor/ROS2/install/mujoco_egen/lib/python3.8/site-packages/mujoco_egen/utils/test_ConfigReader.py to test_ConfigReader.cpython-38.pyc\n'}
[9.717034] (mujoco_egen) StdoutLine: {'line': b'byte-compiling /home/palinauskas/Documents/fortiss_repo/mujoco-eleanor/ROS2/install/mujoco_egen/lib/python3.8/site-packages/mujoco_egen/utils/quaternion.py to quaternion.cpython-38.pyc\n'}
[9.717510] (mujoco_egen) StdoutLine: {'line': b'running install_data\n'}
[9.717915] (mujoco_egen) StdoutLine: {'line': b'creating /home/palinauskas/Documents/fortiss_repo/mujoco-eleanor/ROS2/install/mujoco_egen/share/ament_index\n'}
[9.718039] (mujoco_sim) StdoutLine: {'line': b'byte-compiling /home/palinauskas/Documents/fortiss_repo/mujoco-eleanor/ROS2/install/mujoco_sim/lib/python3.8/site-packages/mujoco_sim/camera_events_publisher.py to camera_events_publisher.cpython-38.pyc\n'}
[9.718126] (mujoco_egen) StdoutLine: {'line': b'creating /home/palinauskas/Documents/fortiss_repo/mujoco-eleanor/ROS2/install/mujoco_egen/share/ament_index/resource_index\n'}
[9.718208] (mujoco_egen) StdoutLine: {'line': b'creating /home/palinauskas/Documents/fortiss_repo/mujoco-eleanor/ROS2/install/mujoco_egen/share/ament_index/resource_index/packages\n'}
[9.718289] (mujoco_egen) StdoutLine: {'line': b'copying resource/mujoco_egen -> /home/palinauskas/Documents/fortiss_repo/mujoco-eleanor/ROS2/install/mujoco_egen/share/ament_index/resource_index/packages\n'}
[9.718379] (mujoco_egen) StdoutLine: {'line': b'copying package.xml -> /home/palinauskas/Documents/fortiss_repo/mujoco-eleanor/ROS2/install/mujoco_egen/share/mujoco_egen\n'}
[9.718471] (mujoco_egen) StdoutLine: {'line': b'copying launch/run_mujoco_egen.launch.py -> /home/palinauskas/Documents/fortiss_repo/mujoco-eleanor/ROS2/install/mujoco_egen/share/mujoco_egen\n'}
[9.718543] (mujoco_egen) StdoutLine: {'line': b'copying launch/run_set_desired_pose.launch.py -> /home/palinauskas/Documents/fortiss_repo/mujoco-eleanor/ROS2/install/mujoco_egen/share/mujoco_egen\n'}
[9.718611] (mujoco_egen) StdoutLine: {'line': b'copying launch/template_saccades.launch.py -> /home/palinauskas/Documents/fortiss_repo/mujoco-eleanor/ROS2/install/mujoco_egen/share/mujoco_egen\n'}
[9.718687] (mujoco_egen) StdoutLine: {'line': b'copying launch/run_saccades.launch.py -> /home/palinauskas/Documents/fortiss_repo/mujoco-eleanor/ROS2/install/mujoco_egen/share/mujoco_egen\n'}
[9.718748] (mujoco_egen) StdoutLine: {'line': b'running install_egg_info\n'}
[9.718808] (mujoco_sim) StdoutLine: {'line': b'byte-compiling /home/palinauskas/Documents/fortiss_repo/mujoco-eleanor/ROS2/install/mujoco_sim/lib/python3.8/site-packages/mujoco_sim/__init__.py to __init__.cpython-38.pyc\n'}
[9.718869] (mujoco_sim) StdoutLine: {'line': b'byte-compiling /home/palinauskas/Documents/fortiss_repo/mujoco-eleanor/ROS2/install/mujoco_sim/lib/python3.8/site-packages/mujoco_sim/mujoco_env/im_mujoco_env.py to im_mujoco_env.cpython-38.pyc\n'}
[9.719448] (mujoco_sim) StdoutLine: {'line': b'byte-compiling /home/palinauskas/Documents/fortiss_repo/mujoco-eleanor/ROS2/install/mujoco_sim/lib/python3.8/site-packages/mujoco_sim/mujoco_env/simple_mujoco_env.py to simple_mujoco_env.cpython-38.pyc\n'}
[9.719555] (mujoco_egen) StdoutLine: {'line': b'Copying ../../build/mujoco_egen/mujoco_egen.egg-info to /home/palinauskas/Documents/fortiss_repo/mujoco-eleanor/ROS2/install/mujoco_egen/lib/python3.8/site-packages/mujoco_egen-0.0.0-py3.8.egg-info\n'}
[9.719854] (mujoco_sim) StdoutLine: {'line': b'byte-compiling /home/palinauskas/Documents/fortiss_repo/mujoco-eleanor/ROS2/install/mujoco_sim/lib/python3.8/site-packages/mujoco_sim/mujoco_env/__init__.py to __init__.cpython-38.pyc\n'}
[9.720005] (mujoco_sim) StdoutLine: {'line': b'byte-compiling /home/palinauskas/Documents/fortiss_repo/mujoco-eleanor/ROS2/install/mujoco_sim/lib/python3.8/site-packages/mujoco_sim/controllers/__init__.py to __init__.cpython-38.pyc\n'}
[9.720159] (mujoco_egen) StdoutLine: {'line': b'running install_scripts\n'}
[9.720252] (mujoco_sim) StdoutLine: {'line': b'byte-compiling /home/palinauskas/Documents/fortiss_repo/mujoco-eleanor/ROS2/install/mujoco_sim/lib/python3.8/site-packages/mujoco_sim/controllers/full_impedance_controller.py to full_impedance_controller.cpython-38.pyc\n'}
[9.721046] (mujoco_sim) StdoutLine: {'line': b'byte-compiling /home/palinauskas/Documents/fortiss_repo/mujoco-eleanor/ROS2/install/mujoco_sim/lib/python3.8/site-packages/mujoco_sim/controllers/base_controller.py to base_controller.cpython-38.pyc\n'}
[9.721268] (mujoco_sim) StdoutLine: {'line': b'byte-compiling /home/palinauskas/Documents/fortiss_repo/mujoco-eleanor/ROS2/install/mujoco_sim/lib/python3.8/site-packages/mujoco_sim/utils/kinematics.py to kinematics.cpython-38.pyc\n'}
[9.721983] (mujoco_sim) StdoutLine: {'line': b'byte-compiling /home/palinauskas/Documents/fortiss_repo/mujoco-eleanor/ROS2/install/mujoco_sim/lib/python3.8/site-packages/mujoco_sim/utils/__init__.py to __init__.cpython-38.pyc\n'}
[9.722109] (mujoco_sim) StdoutLine: {'line': b'byte-compiling /home/palinauskas/Documents/fortiss_repo/mujoco-eleanor/ROS2/install/mujoco_sim/lib/python3.8/site-packages/mujoco_sim/utils/mujoco_utils.py to mujoco_utils.cpython-38.pyc\n'}
[9.722448] (mujoco_sim) StdoutLine: {'line': b'byte-compiling /home/palinauskas/Documents/fortiss_repo/mujoco-eleanor/ROS2/install/mujoco_sim/lib/python3.8/site-packages/mujoco_sim/utils/read_cfg.py to read_cfg.cpython-38.pyc\n'}
[9.722801] (mujoco_sim) StdoutLine: {'line': b'byte-compiling /home/palinauskas/Documents/fortiss_repo/mujoco-eleanor/ROS2/install/mujoco_sim/lib/python3.8/site-packages/mujoco_sim/utils/quaternion.py to quaternion.cpython-38.pyc\n'}
[9.723178] (mujoco_sim) StdoutLine: {'line': b'running install_data\n'}
[9.723589] (mujoco_sim) StdoutLine: {'line': b'creating /home/palinauskas/Documents/fortiss_repo/mujoco-eleanor/ROS2/install/mujoco_sim/share/ament_index\n'}
[9.723662] (mujoco_sim) StdoutLine: {'line': b'creating /home/palinauskas/Documents/fortiss_repo/mujoco-eleanor/ROS2/install/mujoco_sim/share/ament_index/resource_index\n'}
[9.723745] (mujoco_sim) StdoutLine: {'line': b'creating /home/palinauskas/Documents/fortiss_repo/mujoco-eleanor/ROS2/install/mujoco_sim/share/ament_index/resource_index/packages\n'}
[9.723811] (mujoco_sim) StdoutLine: {'line': b'copying resource/mujoco_sim -> /home/palinauskas/Documents/fortiss_repo/mujoco-eleanor/ROS2/install/mujoco_sim/share/ament_index/resource_index/packages\n'}
[9.723860] (mujoco_sim) StdoutLine: {'line': b'copying package.xml -> /home/palinauskas/Documents/fortiss_repo/mujoco-eleanor/ROS2/install/mujoco_sim/share/mujoco_sim\n'}
[9.723927] (mujoco_sim) StdoutLine: {'line': b'copying launch/run_turn_off_camera.launch.py -> /home/palinauskas/Documents/fortiss_repo/mujoco-eleanor/ROS2/install/mujoco_sim/share/mujoco_sim\n'}
[9.723993] (mujoco_sim) StdoutLine: {'line': b'copying launch/run_mujoco_sim.launch.py -> /home/palinauskas/Documents/fortiss_repo/mujoco-eleanor/ROS2/install/mujoco_sim/share/mujoco_sim\n'}
[9.724062] (mujoco_sim) StdoutLine: {'line': b'copying launch/run_set_desired_pose_name.launch.py -> /home/palinauskas/Documents/fortiss_repo/mujoco-eleanor/ROS2/install/mujoco_sim/share/mujoco_sim\n'}
[9.724129] (mujoco_sim) StdoutLine: {'line': b'copying launch/template_saccades.launch.py -> /home/palinauskas/Documents/fortiss_repo/mujoco-eleanor/ROS2/install/mujoco_sim/share/mujoco_sim\n'}
[9.724196] (mujoco_sim) StdoutLine: {'line': b'copying launch/run_saccades.launch.py -> /home/palinauskas/Documents/fortiss_repo/mujoco-eleanor/ROS2/install/mujoco_sim/share/mujoco_sim\n'}
[9.724266] (mujoco_sim) StdoutLine: {'line': b'running install_egg_info\n'}
[9.725374] (mujoco_sim) StdoutLine: {'line': b'Copying ../../build/mujoco_sim/mujoco_sim.egg-info to /home/palinauskas/Documents/fortiss_repo/mujoco-eleanor/ROS2/install/mujoco_sim/lib/python3.8/site-packages/mujoco_sim-0.0.0-py3.8.egg-info\n'}
[9.726169] (mujoco_sim) StdoutLine: {'line': b'running install_scripts\n'}
[9.726251] (-) TimerEvent: {}
[9.732419] (mujoco_egen) StdoutLine: {'line': b'Installing impedance_controller_server script to /home/palinauskas/Documents/fortiss_repo/mujoco-eleanor/ROS2/install/mujoco_egen/lib/mujoco_egen\n'}
[9.732581] (mujoco_egen) StdoutLine: {'line': b'Installing test script to /home/palinauskas/Documents/fortiss_repo/mujoco-eleanor/ROS2/install/mujoco_egen/lib/mujoco_egen\n'}
[9.733145] (mujoco_egen) StdoutLine: {'line': b"writing list of installed files to '/home/palinauskas/Documents/fortiss_repo/mujoco-eleanor/ROS2/build/mujoco_egen/install.log'\n"}
[9.738144] (mujoco_sim) StdoutLine: {'line': b'Installing camera_events_publisher script to /home/palinauskas/Documents/fortiss_repo/mujoco-eleanor/ROS2/install/mujoco_sim/lib/mujoco_sim\n'}
[9.738295] (mujoco_sim) StdoutLine: {'line': b'Installing impedance_controller_server script to /home/palinauskas/Documents/fortiss_repo/mujoco-eleanor/ROS2/install/mujoco_sim/lib/mujoco_sim\n'}
[9.738386] (mujoco_sim) StdoutLine: {'line': b'Installing test script to /home/palinauskas/Documents/fortiss_repo/mujoco-eleanor/ROS2/install/mujoco_sim/lib/mujoco_sim\n'}
[9.739043] (mujoco_sim) StdoutLine: {'line': b"writing list of installed files to '/home/palinauskas/Documents/fortiss_repo/mujoco-eleanor/ROS2/build/mujoco_sim/install.log'\n"}
[9.751221] (mujoco_egen) CommandEnded: {'returncode': 0}
[9.757476] (mujoco_egen) JobEnded: {'identifier': 'mujoco_egen', 'rc': 0}
[9.759528] (mujoco_sim) CommandEnded: {'returncode': 0}
[9.764837] (mujoco_sim) JobEnded: {'identifier': 'mujoco_sim', 'rc': 0}
[9.765348] (-) EventReactorShutdown: {}
